dt,open,high,low,close,volume
2020-01-06 08:00:00+00:00,0.197,0.2222,0.197,0.213,13996360.0
2020-01-06 12:00:00+00:00,0.213,0.218,0.2108,0.2124,17962735.0
2020-01-06 16:00:00+00:00,0.2124,0.2209,0.2115,0.2194,27389315.0
2020-01-06 20:00:00+00:00,0.2195,0.2259,0.2169,0.2226,32673808.9
2020-01-07 00:00:00+00:00,0.2227,0.2297,0.2183,0.2196,18665127.0
2020-01-07 04:00:00+00:00,0.2197,0.22,0.2113,0.2174,21247633.6
2020-01-07 08:00:00+00:00,0.2174,0.218,0.215,0.2154,13440607.0
2020-01-07 12:00:00+00:00,0.2154,0.2154,0.2071,0.208,27892585.5
2020-01-07 16:00:00+00:00,0.2082,0.2196,0.2071,0.2151,29271925.7
2020-01-07 20:00:00+00:00,0.2149,0.2172,0.2111,0.2138,14468065.1
2020-01-08 00:00:00+00:00,0.2138,0.2204,0.2121,0.2135,17592082.4
2020-01-08 04:00:00+00:00,0.2135,0.2157,0.2115,0.2123,10010210.6
2020-01-08 08:00:00+00:00,0.2124,0.2147,0.2118,0.2127,10056179.6
2020-01-08 12:00:00+00:00,0.2127,0.2169,0.2114,0.2126,15476383.4
2020-01-08 16:00:00+00:00,0.2126,0.2136,0.2013,0.2057,16937921.6
2020-01-08 20:00:00+00:00,0.2057,0.2089,0.2029,0.2078,9718819.6
2020-01-09 00:00:00+00:00,0.2078,0.2089,0.2058,0.2069,5716568.4
2020-01-09 04:00:00+00:00,0.2069,0.2072,0.2049,0.2061,6257524.0
2020-01-09 08:00:00+00:00,0.2063,0.2064,0.2029,0.2038,7462870.5
2020-01-09 12:00:00+00:00,0.2038,0.2055,0.2032,0.2043,7833376.4
2020-01-09 16:00:00+00:00,0.2044,0.2049,0.2013,0.2041,9405227.4
2020-01-09 20:00:00+00:00,0.2041,0.206,0.201,0.204,8450863.2
2020-01-10 00:00:00+00:00,0.2039,0.2049,0.2002,0.2022,6650391.5
2020-01-10 04:00:00+00:00,0.2022,0.2024,0.2001,0.2021,5947261.4
2020-01-10 08:00:00+00:00,0.2021,0.2055,0.2005,0.2053,9760777.8
2020-01-10 12:00:00+00:00,0.2053,0.2099,0.2042,0.2085,15694584.2
2020-01-10 16:00:00+00:00,0.2085,0.2116,0.2065,0.2105,15282456.7
2020-01-10 20:00:00+00:00,0.2105,0.2136,0.2086,0.2128,9153205.8
2020-01-11 00:00:00+00:00,0.2128,0.215,0.2112,0.2124,8720292.8
2020-01-11 04:00:00+00:00,0.2124,0.213,0.2094,0.2112,7994979.6
2020-01-11 08:00:00+00:00,0.2112,0.2129,0.2085,0.2093,6807072.1
2020-01-11 12:00:00+00:00,0.2093,0.2124,0.209,0.2118,6613943.9
2020-01-11 16:00:00+00:00,0.2118,0.2195,0.2099,0.2191,22771725.9
2020-01-11 20:00:00+00:00,0.2191,0.2203,0.2095,0.2117,20834812.3
2020-01-12 00:00:00+00:00,0.2113,0.2154,0.2095,0.2133,11993610.9
2020-01-12 04:00:00+00:00,0.2133,0.217,0.2133,0.2148,7597554.0
2020-01-12 08:00:00+00:00,0.2148,0.2155,0.2117,0.2131,9304933.1
2020-01-12 12:00:00+00:00,0.2131,0.2163,0.213,0.2154,11915691.3
2020-01-12 16:00:00+00:00,0.2154,0.2164,0.2125,0.2133,18178157.2
2020-01-12 20:00:00+00:00,0.2133,0.2158,0.2126,0.2158,7648614.1
2020-01-13 00:00:00+00:00,0.2155,0.216,0.2111,0.2121,8233332.6
2020-01-13 04:00:00+00:00,0.2121,0.2128,0.2104,0.2113,5665123.5
2020-01-13 08:00:00+00:00,0.2113,0.2139,0.2105,0.2117,9214728.1
2020-01-13 12:00:00+00:00,0.2118,0.2123,0.2105,0.2108,5662533.4
2020-01-13 16:00:00+00:00,0.2108,0.2122,0.2105,0.211,4061253.1
2020-01-13 20:00:00+00:00,0.211,0.213,0.2109,0.2115,5089225.2
2020-01-14 00:00:00+00:00,0.2115,0.2184,0.2115,0.2179,14561419.7
2020-01-14 04:00:00+00:00,0.2179,0.2195,0.2165,0.2178,10793835.5
2020-01-14 08:00:00+00:00,0.2178,0.2256,0.2176,0.2222,24097256.8
2020-01-14 12:00:00+00:00,0.2219,0.2289,0.2186,0.2252,43873251.1
2020-01-14 16:00:00+00:00,0.2252,0.2458,0.2215,0.2393,87416431.9
2020-01-14 20:00:00+00:00,0.2392,0.2393,0.231,0.235,28990533.8
2020-01-15 00:00:00+00:00,0.235,0.2444,0.2313,0.2357,42060600.1
2020-01-15 04:00:00+00:00,0.2357,0.2406,0.2268,0.2326,46896931.4
2020-01-15 08:00:00+00:00,0.2325,0.2416,0.2315,0.2363,28609364.5
2020-01-15 12:00:00+00:00,0.2363,0.2439,0.233,0.2346,28523060.4
2020-01-15 16:00:00+00:00,0.2346,0.2373,0.2318,0.2356,13713283.1
2020-01-15 20:00:00+00:00,0.2356,0.238,0.2312,0.2337,16724331.5
2020-01-16 00:00:00+00:00,0.2339,0.2352,0.2213,0.2249,26622139.8
2020-01-16 04:00:00+00:00,0.2249,0.2279,0.2241,0.2257,15050798.2
2020-01-16 08:00:00+00:00,0.2257,0.2279,0.2234,0.2279,12074996.0
2020-01-16 12:00:00+00:00,0.2279,0.2309,0.2253,0.2277,14650482.5
2020-01-16 16:00:00+00:00,0.2277,0.2299,0.2252,0.229,12500031.4
2020-01-16 20:00:00+00:00,0.2286,0.2295,0.2286,0.229,285825.3
2020-01-17 00:00:00+00:00,0.2291,0.2296,0.2279,0.2284,601775.3
2020-01-17 04:00:00+00:00,0.2327,0.237,0.2312,0.2349,23273194.4
2020-01-17 08:00:00+00:00,0.2349,0.2384,0.2341,0.2349,21117617.3
2020-01-17 12:00:00+00:00,0.2349,0.2359,0.2308,0.235,14953291.9
2020-01-17 16:00:00+00:00,0.235,0.2449,0.2305,0.2375,37233478.2
2020-01-17 20:00:00+00:00,0.2376,0.2424,0.2353,0.2393,17917685.4
2020-01-18 00:00:00+00:00,0.2394,0.2429,0.2377,0.2388,12396319.1
2020-01-18 04:00:00+00:00,0.2389,0.2389,0.232,0.235,13962758.0
2020-01-18 08:00:00+00:00,0.235,0.2381,0.2341,0.2368,11543476.1
2020-01-18 12:00:00+00:00,0.2368,0.2552,0.2368,0.2476,59255659.5
2020-01-18 16:00:00+00:00,0.2476,0.2502,0.241,0.2446,36979841.0
2020-01-18 20:00:00+00:00,0.2447,0.2484,0.2428,0.2441,19411556.2
2020-01-19 00:00:00+00:00,0.2442,0.2498,0.2416,0.2475,27189677.1
2020-01-19 04:00:00+00:00,0.2475,0.2525,0.2467,0.2489,17783753.0
2020-01-19 08:00:00+00:00,0.2489,0.25,0.2302,0.2339,39062068.1
2020-01-19 12:00:00+00:00,0.2338,0.2342,0.226,0.2337,25226070.4
2020-01-19 16:00:00+00:00,0.2337,0.2353,0.2328,0.2335,11070286.6
2020-01-19 20:00:00+00:00,0.2335,0.2367,0.2312,0.236,12122232.2
2020-01-20 00:00:00+00:00,0.236,0.237,0.2305,0.2328,11542290.3
2020-01-20 04:00:00+00:00,0.2326,0.2342,0.2316,0.2333,5986969.4
2020-01-20 08:00:00+00:00,0.2333,0.2341,0.2286,0.2296,8683377.4
2020-01-20 12:00:00+00:00,0.2293,0.2334,0.2236,0.2327,27055420.5
2020-01-20 16:00:00+00:00,0.2327,0.2351,0.2315,0.2337,14383801.7
2020-01-20 20:00:00+00:00,0.2337,0.2361,0.2325,0.2335,9767762.5
2020-01-21 00:00:00+00:00,0.2333,0.2424,0.2317,0.2391,16228201.6
2020-01-21 04:00:00+00:00,0.2391,0.2413,0.235,0.2353,12415563.0
2020-01-21 08:00:00+00:00,0.2353,0.238,0.2347,0.237,14575672.7
2020-01-21 12:00:00+00:00,0.237,0.2401,0.2361,0.237,15370657.9
2020-01-21 16:00:00+00:00,0.2371,0.2378,0.229,0.232,21403344.5
2020-01-21 20:00:00+00:00,0.232,0.2397,0.2316,0.2375,22084284.3
2020-01-22 00:00:00+00:00,0.2375,0.239,0.2337,0.2364,11558118.1
2020-01-22 04:00:00+00:00,0.2364,0.2404,0.236,0.2379,15849595.5
2020-01-22 08:00:00+00:00,0.2379,0.2383,0.2315,0.2358,26312060.9
2020-01-22 12:00:00+00:00,0.2358,0.237,0.2345,0.2355,13321559.0
2020-01-22 16:00:00+00:00,0.2356,0.2379,0.2342,0.2362,15381045.9
2020-01-22 20:00:00+00:00,0.2362,0.2378,0.2355,0.2376,5191525.7
2020-01-23 00:00:00+00:00,0.2375,0.2376,0.231,0.2324,15267276.3
2020-01-23 04:00:00+00:00,0.2324,0.2327,0.229,0.2319,10095553.9
2020-01-23 08:00:00+00:00,0.2318,0.2322,0.226,0.228,11375069.0
2020-01-23 12:00:00+00:00,0.228,0.229,0.2251,0.227,10219032.9
2020-01-23 16:00:00+00:00,0.227,0.228,0.2202,0.2229,15069530.5
2020-01-23 20:00:00+00:00,0.2229,0.2271,0.222,0.2262,5285056.4
2020-01-24 00:00:00+00:00,0.2261,0.2265,0.217,0.2214,19380166.7
2020-01-24 04:00:00+00:00,0.2213,0.2232,0.2199,0.2205,11752185.6
2020-01-24 08:00:00+00:00,0.2205,0.2212,0.2135,0.2208,19283228.2
2020-01-24 12:00:00+00:00,0.2211,0.2262,0.22,0.224,18016216.8
2020-01-24 16:00:00+00:00,0.224,0.2253,0.2218,0.224,7945632.4
2020-01-24 20:00:00+00:00,0.2241,0.2245,0.2212,0.2224,5301313.7
2020-01-25 00:00:00+00:00,0.2224,0.2227,0.2167,0.2183,8333390.5
2020-01-25 04:00:00+00:00,0.2183,0.2215,0.2175,0.2198,8366609.5
2020-01-25 08:00:00+00:00,0.2198,0.2222,0.2179,0.2186,9419058.5
2020-01-25 12:00:00+00:00,0.2186,0.2208,0.2182,0.2204,10198770.0
2020-01-25 16:00:00+00:00,0.2204,0.2214,0.2191,0.2207,8376838.0
2020-01-25 20:00:00+00:00,0.2207,0.2224,0.2193,0.2197,7487502.4
2020-01-26 00:00:00+00:00,0.2197,0.223,0.2179,0.2218,10109295.5
2020-01-26 04:00:00+00:00,0.2218,0.2223,0.2202,0.2216,7831398.6
2020-01-26 08:00:00+00:00,0.2215,0.2246,0.2213,0.2237,12334017.0
2020-01-26 12:00:00+00:00,0.224,0.225,0.2227,0.2234,9052361.0
2020-01-26 16:00:00+00:00,0.2234,0.2288,0.2232,0.2267,13264989.2
2020-01-26 20:00:00+00:00,0.2267,0.233,0.2255,0.2313,14664789.2
2020-01-27 00:00:00+00:00,0.2315,0.2341,0.2286,0.2295,14207846.0
2020-01-27 04:00:00+00:00,0.2295,0.2312,0.2278,0.2296,9792298.2
2020-01-27 08:00:00+00:00,0.2295,0.2312,0.2265,0.2305,11393965.1
2020-01-27 12:00:00+00:00,0.2305,0.233,0.2294,0.2323,12815219.6
2020-01-27 16:00:00+00:00,0.2322,0.2342,0.2307,0.2334,15746356.5
2020-01-27 20:00:00+00:00,0.2335,0.2339,0.2304,0.2309,10675497.0
2020-01-28 00:00:00+00:00,0.2309,0.2366,0.2309,0.2341,17587687.5
2020-01-28 04:00:00+00:00,0.2341,0.2351,0.2316,0.2341,13977405.4
2020-01-28 08:00:00+00:00,0.2341,0.2354,0.2321,0.2342,11285528.6
2020-01-28 12:00:00+00:00,0.234,0.2423,0.2327,0.2352,37486380.1
2020-01-28 16:00:00+00:00,0.2351,0.2369,0.2322,0.2365,13360709.8
2020-01-28 20:00:00+00:00,0.2365,0.2405,0.236,0.2393,14325057.4
2020-01-29 00:00:00+00:00,0.2394,0.2407,0.2377,0.2396,14349785.8
2020-01-29 04:00:00+00:00,0.2396,0.2425,0.2391,0.2413,13652034.6
2020-01-29 08:00:00+00:00,0.2414,0.2418,0.2363,0.238,21057554.6
2020-01-29 12:00:00+00:00,0.238,0.2395,0.2343,0.2345,15024137.6
2020-01-29 16:00:00+00:00,0.2345,0.2386,0.2344,0.2382,9769081.5
2020-01-29 20:00:00+00:00,0.2382,0.2387,0.2356,0.236,10779958.3
2020-01-30 00:00:00+00:00,0.2358,0.236,0.2304,0.2341,16605795.6
2020-01-30 04:00:00+00:00,0.2341,0.2382,0.2338,0.2374,15730680.5
2020-01-30 08:00:00+00:00,0.2375,0.2384,0.2351,0.2361,14634813.8
2020-01-30 12:00:00+00:00,0.2362,0.2396,0.2361,0.2388,17896849.9
2020-01-30 16:00:00+00:00,0.2388,0.2421,0.2341,0.2417,43453840.2
2020-01-30 20:00:00+00:00,0.2417,0.2486,0.2416,0.2443,27705428.5
2020-01-31 00:00:00+00:00,0.2443,0.2458,0.2405,0.2428,14482991.8
2020-01-31 04:00:00+00:00,0.2427,0.2438,0.2386,0.241,23894110.5
2020-01-31 08:00:00+00:00,0.241,0.2424,0.2375,0.2386,27145003.2
2020-01-31 12:00:00+00:00,0.2386,0.239,0.2333,0.2388,26404222.3
2020-01-31 16:00:00+00:00,0.2389,0.2403,0.2357,0.2378,12250973.3
2020-01-31 20:00:00+00:00,0.2378,0.241,0.2376,0.2397,10705133.5
2020-02-01 00:00:00+00:00,0.2396,0.2434,0.2393,0.2418,13839176.7
2020-02-01 04:00:00+00:00,0.242,0.243,0.24,0.2419,13274116.8
2020-02-01 08:00:00+00:00,0.2419,0.2425,0.2367,0.2383,19582069.3
2020-02-01 12:00:00+00:00,0.2385,0.2412,0.2379,0.239,12838186.3
2020-02-01 16:00:00+00:00,0.2391,0.2427,0.2388,0.2413,12517012.8
2020-02-01 20:00:00+00:00,0.2414,0.2425,0.2407,0.2416,6321331.0
2020-02-02 00:00:00+00:00,0.2417,0.2418,0.2366,0.2377,13676696.6
2020-02-02 04:00:00+00:00,0.2376,0.2427,0.2359,0.2421,18156495.2
2020-02-02 08:00:00+00:00,0.2421,0.2555,0.2411,0.2553,46046854.9
2020-02-02 12:00:00+00:00,0.2551,0.2623,0.2533,0.2571,63685083.3
2020-02-02 16:00:00+00:00,0.2571,0.2579,0.2531,0.2548,19585131.0
2020-02-02 20:00:00+00:00,0.2548,0.2584,0.2507,0.2515,26885866.4
2020-02-03 00:00:00+00:00,0.2514,0.2603,0.25,0.2526,38066230.4
2020-02-03 04:00:00+00:00,0.2526,0.255,0.2519,0.2526,10901847.5
2020-02-03 08:00:00+00:00,0.2528,0.2541,0.2484,0.2521,23469547.8
2020-02-03 12:00:00+00:00,0.2522,0.2533,0.2475,0.2477,26760487.3
2020-02-03 16:00:00+00:00,0.2477,0.2512,0.2475,0.2509,15893423.6
2020-02-03 20:00:00+00:00,0.2509,0.256,0.2508,0.255,21641244.4
2020-02-04 00:00:00+00:00,0.255,0.2587,0.2523,0.2525,25177820.1
2020-02-04 04:00:00+00:00,0.2525,0.2539,0.2499,0.2519,21701239.3
2020-02-04 08:00:00+00:00,0.2519,0.2537,0.2478,0.2527,33518493.3
2020-02-04 12:00:00+00:00,0.2527,0.2716,0.2496,0.2679,111150142.0
2020-02-04 16:00:00+00:00,0.268,0.2714,0.2631,0.2659,68962084.9
2020-02-04 20:00:00+00:00,0.266,0.2681,0.2642,0.2676,33381673.5
2020-02-05 00:00:00+00:00,0.2676,0.2776,0.2676,0.2749,74589795.3
2020-02-05 04:00:00+00:00,0.2748,0.2826,0.2738,0.2786,66883702.2
2020-02-05 08:00:00+00:00,0.2786,0.2824,0.2706,0.275,86424497.7
2020-02-05 12:00:00+00:00,0.275,0.2801,0.2724,0.2787,44082673.7
2020-02-05 16:00:00+00:00,0.2788,0.281,0.2762,0.2772,30505112.7
2020-02-05 20:00:00+00:00,0.2772,0.2809,0.2763,0.2786,24329902.3
2020-02-06 00:00:00+00:00,0.2784,0.282,0.273,0.2816,32054595.7
2020-02-06 04:00:00+00:00,0.2817,0.2888,0.2795,0.2817,52504125.1
2020-02-06 08:00:00+00:00,0.2818,0.2851,0.2806,0.2815,31838526.1
2020-02-06 12:00:00+00:00,0.2817,0.2851,0.2672,0.2797,98301835.9
2020-02-06 16:00:00+00:00,0.2797,0.2895,0.2763,0.2831,65654590.5
2020-02-06 20:00:00+00:00,0.283,0.2849,0.28,0.2841,28431424.8
2020-02-07 00:00:00+00:00,0.2841,0.289,0.2819,0.2833,40632125.7
2020-02-07 04:00:00+00:00,0.2833,0.2848,0.2813,0.2823,30413512.0
2020-02-07 08:00:00+00:00,0.2824,0.2866,0.282,0.2833,36004522.6
2020-02-07 12:00:00+00:00,0.2831,0.2838,0.2783,0.2799,35981390.1
2020-02-07 16:00:00+00:00,0.2799,0.2817,0.2784,0.2804,21889854.3
2020-02-07 20:00:00+00:00,0.2802,0.2809,0.2778,0.2799,14099849.2
2020-02-08 00:00:00+00:00,0.2799,0.2804,0.2631,0.2706,58757523.0
2020-02-08 04:00:00+00:00,0.2706,0.2772,0.2693,0.2747,35677567.5
2020-02-08 08:00:00+00:00,0.2747,0.2828,0.2747,0.2793,43738545.2
2020-02-08 12:00:00+00:00,0.2794,0.2814,0.2769,0.2773,29460115.3
2020-02-08 16:00:00+00:00,0.2773,0.2793,0.2734,0.2782,30236350.0
2020-02-08 20:00:00+00:00,0.2782,0.2807,0.2774,0.2775,15263497.3
2020-02-09 00:00:00+00:00,0.2776,0.2842,0.2772,0.2819,29844508.4
2020-02-09 04:00:00+00:00,0.2819,0.2895,0.28,0.2859,57699420.4
2020-02-09 08:00:00+00:00,0.286,0.2865,0.281,0.283,27222692.2
2020-02-09 12:00:00+00:00,0.283,0.2848,0.2763,0.2803,29129379.6
2020-02-09 16:00:00+00:00,0.2805,0.283,0.2786,0.2811,23693469.2
2020-02-09 20:00:00+00:00,0.2813,0.285,0.2796,0.2828,18509378.2
2020-02-10 00:00:00+00:00,0.2832,0.2839,0.2781,0.2798,17916406.0
2020-02-10 04:00:00+00:00,0.2798,0.2807,0.27,0.2767,39549309.9
2020-02-10 08:00:00+00:00,0.2767,0.2771,0.267,0.2715,38304382.9
2020-02-10 12:00:00+00:00,0.2716,0.2769,0.2701,0.2747,26509152.1
2020-02-10 16:00:00+00:00,0.2746,0.2756,0.2717,0.2736,21692080.5
2020-02-10 20:00:00+00:00,0.2736,0.2752,0.2722,0.2736,10599698.5
2020-02-11 00:00:00+00:00,0.2737,0.274,0.2681,0.2686,25864936.0
2020-02-11 04:00:00+00:00,0.2686,0.2712,0.2678,0.2697,16862206.8
2020-02-11 08:00:00+00:00,0.2697,0.274,0.2695,0.2733,19536551.8
2020-02-11 12:00:00+00:00,0.2733,0.2787,0.2726,0.2782,32347766.7
2020-02-11 16:00:00+00:00,0.2782,0.2847,0.2772,0.2822,58235533.1
2020-02-11 20:00:00+00:00,0.2822,0.2829,0.2801,0.2816,17389597.8
2020-02-12 00:00:00+00:00,0.2817,0.2902,0.2817,0.288,33069913.2
2020-02-12 04:00:00+00:00,0.288,0.2928,0.2874,0.2892,42482560.6
2020-02-12 08:00:00+00:00,0.2892,0.3018,0.2851,0.2976,81739582.7
2020-02-12 12:00:00+00:00,0.2976,0.3039,0.2934,0.2951,79684399.1
2020-02-12 16:00:00+00:00,0.2952,0.3078,0.2949,0.3027,70269782.6
2020-02-12 20:00:00+00:00,0.3025,0.31,0.302,0.3043,47142075.1
2020-02-13 00:00:00+00:00,0.3043,0.3383,0.3041,0.3255,141706490.4
2020-02-13 04:00:00+00:00,0.3254,0.3328,0.313,0.3155,92816286.8
2020-02-13 08:00:00+00:00,0.3156,0.3211,0.2968,0.3136,160746060.9
2020-02-13 12:00:00+00:00,0.3136,0.3413,0.3118,0.3285,202388776.3
2020-02-13 16:00:00+00:00,0.3284,0.335,0.3203,0.3298,104076469.7
2020-02-13 20:00:00+00:00,0.3301,0.3313,0.3184,0.3276,64714899.4
2020-02-14 00:00:00+00:00,0.3274,0.3336,0.323,0.3262,56566572.8
2020-02-14 04:00:00+00:00,0.3262,0.3263,0.3102,0.3185,65552253.9
2020-02-14 08:00:00+00:00,0.3183,0.3297,0.3165,0.3268,56549247.5
2020-02-14 12:00:00+00:00,0.3268,0.3344,0.3243,0.3293,61221570.1
2020-02-14 16:00:00+00:00,0.3293,0.3407,0.3278,0.3363,74265738.4
2020-02-14 20:00:00+00:00,0.3364,0.3397,0.3337,0.3362,34897111.7
2020-02-15 00:00:00+00:00,0.3365,0.3476,0.3325,0.3382,79443112.0
2020-02-15 04:00:00+00:00,0.3381,0.3388,0.3289,0.3318,43207402.6
2020-02-15 08:00:00+00:00,0.3322,0.3399,0.3313,0.3369,34236354.2
2020-02-15 12:00:00+00:00,0.3369,0.3374,0.3157,0.3227,67157891.4
2020-02-15 16:00:00+00:00,0.3226,0.331,0.291,0.3074,186613876.1
2020-02-15 20:00:00+00:00,0.3073,0.3174,0.3014,0.3075,43012721.0
2020-02-16 00:00:00+00:00,0.3075,0.3195,0.2988,0.3158,52981997.1
2020-02-16 04:00:00+00:00,0.3157,0.3182,0.3105,0.3121,26298768.1
2020-02-16 08:00:00+00:00,0.3122,0.3157,0.3037,0.3063,38370841.3
2020-02-16 12:00:00+00:00,0.3063,0.3083,0.291,0.2959,106999695.5
2020-02-16 16:00:00+00:00,0.2957,0.3,0.267,0.2816,146225379.8
2020-02-16 20:00:00+00:00,0.2815,0.2965,0.2801,0.2926,53398563.2
2020-02-17 00:00:00+00:00,0.2926,0.2954,0.2773,0.2809,58294491.1
2020-02-17 04:00:00+00:00,0.2809,0.2843,0.2725,0.2792,48592173.9
2020-02-17 08:00:00+00:00,0.2791,0.2851,0.2693,0.2759,74165938.9
2020-02-17 12:00:00+00:00,0.2758,0.2836,0.2688,0.2823,76339818.8
2020-02-17 16:00:00+00:00,0.2823,0.2883,0.2786,0.2846,44622163.5
2020-02-17 20:00:00+00:00,0.2845,0.2886,0.2809,0.2877,20572441.1
2020-02-18 00:00:00+00:00,0.2878,0.296,0.2809,0.2925,32198425.1
2020-02-18 04:00:00+00:00,0.2924,0.2954,0.2886,0.2925,29591366.9
2020-02-18 08:00:00+00:00,0.2925,0.2925,0.2831,0.2874,44940013.2
2020-02-18 12:00:00+00:00,0.2874,0.2934,0.2748,0.29,82939975.5
2020-02-18 16:00:00+00:00,0.2899,0.3,0.2886,0.2997,75831400.2
2020-02-18 20:00:00+00:00,0.2997,0.3034,0.2946,0.2989,69844138.2
2020-02-19 00:00:00+00:00,0.2989,0.2995,0.2926,0.2972,40489492.5
2020-02-19 04:00:00+00:00,0.2973,0.2985,0.2906,0.2927,41018958.1
2020-02-19 08:00:00+00:00,0.2928,0.2977,0.2902,0.2969,46749378.1
2020-02-19 12:00:00+00:00,0.2971,0.2975,0.293,0.2952,13947872.4
2020-02-19 16:00:00+00:00,0.2952,0.3088,0.2947,0.2988,66556783.7
2020-02-19 20:00:00+00:00,0.2989,0.2996,0.2656,0.2746,126056386.5
2020-02-20 00:00:00+00:00,0.2746,0.2818,0.273,0.2773,42078041.8
2020-02-20 04:00:00+00:00,0.2773,0.2792,0.2741,0.2755,29289521.5
2020-02-20 08:00:00+00:00,0.2754,0.2755,0.2629,0.2683,71674542.0
2020-02-20 12:00:00+00:00,0.2681,0.2741,0.2641,0.2719,62523577.1
2020-02-20 16:00:00+00:00,0.2716,0.2748,0.2609,0.2694,94993568.2
2020-02-20 20:00:00+00:00,0.2693,0.2752,0.2682,0.271,33903217.1
2020-02-21 00:00:00+00:00,0.271,0.2781,0.2684,0.2768,48795441.4
2020-02-21 04:00:00+00:00,0.2769,0.2786,0.2732,0.2739,31947631.9
2020-02-21 08:00:00+00:00,0.2739,0.2763,0.2702,0.2747,39060513.2
2020-02-21 12:00:00+00:00,0.2746,0.2783,0.2738,0.2767,40137083.6
2020-02-21 16:00:00+00:00,0.2766,0.2795,0.2725,0.2733,38623855.5
2020-02-21 20:00:00+00:00,0.2733,0.277,0.2679,0.2745,43887072.0
2020-02-22 00:00:00+00:00,0.2746,0.2762,0.2718,0.2734,23010491.2
2020-02-22 04:00:00+00:00,0.2734,0.2743,0.2702,0.2719,28801638.3
2020-02-22 08:00:00+00:00,0.2719,0.2748,0.271,0.2743,25692052.8
2020-02-22 12:00:00+00:00,0.2742,0.2765,0.271,0.2726,34584681.6
2020-02-22 16:00:00+00:00,0.2725,0.279,0.2714,0.2747,36966045.9
2020-02-22 20:00:00+00:00,0.2746,0.2772,0.2741,0.2749,16864514.2
2020-02-23 00:00:00+00:00,0.275,0.2792,0.2749,0.2786,22641175.1
2020-02-23 04:00:00+00:00,0.2786,0.285,0.2783,0.2821,55625842.8
2020-02-23 08:00:00+00:00,0.2823,0.2852,0.2792,0.2799,54201061.5
2020-02-23 12:00:00+00:00,0.2798,0.2836,0.2796,0.2809,33445932.7
2020-02-23 16:00:00+00:00,0.2809,0.2824,0.2795,0.2814,23745260.7
2020-02-23 20:00:00+00:00,0.2814,0.2842,0.2796,0.2834,25735723.4
2020-02-24 00:00:00+00:00,0.2834,0.2846,0.2683,0.2742,68249006.8
2020-02-24 04:00:00+00:00,0.2741,0.2746,0.2693,0.2737,35881388.4
2020-02-24 08:00:00+00:00,0.2739,0.2761,0.2717,0.2758,30033360.9
2020-02-24 12:00:00+00:00,0.2758,0.2768,0.2705,0.2727,40961069.7
2020-02-24 16:00:00+00:00,0.2726,0.2735,0.2643,0.2683,75719753.4
2020-02-24 20:00:00+00:00,0.2684,0.2715,0.2659,0.2707,32006439.8
2020-02-25 00:00:00+00:00,0.2707,0.2711,0.267,0.2682,21780083.0
2020-02-25 04:00:00+00:00,0.2681,0.2687,0.2617,0.2635,38430106.9
2020-02-25 08:00:00+00:00,0.2636,0.2681,0.2623,0.2672,32672141.6
2020-02-25 12:00:00+00:00,0.2671,0.2693,0.256,0.2581,78436410.6
2020-02-25 16:00:00+00:00,0.2583,0.2599,0.2513,0.2556,69750344.0
2020-02-25 20:00:00+00:00,0.2557,0.2588,0.2505,0.2524,37687595.7
2020-02-26 00:00:00+00:00,0.2525,0.2556,0.234,0.242,114174206.8
2020-02-26 04:00:00+00:00,0.242,0.2462,0.2398,0.2405,50573398.6
2020-02-26 08:00:00+00:00,0.2406,0.243,0.2381,0.2399,45199037.9
2020-02-26 12:00:00+00:00,0.24,0.2456,0.232,0.2344,111235056.6
2020-02-26 16:00:00+00:00,0.2343,0.2365,0.2223,0.234,140539938.8
2020-02-26 20:00:00+00:00,0.234,0.2364,0.2278,0.2292,46322781.7
2020-02-27 00:00:00+00:00,0.2291,0.2312,0.2237,0.2303,63547717.4
2020-02-27 04:00:00+00:00,0.2302,0.2359,0.2289,0.2348,36637944.7
2020-02-27 08:00:00+00:00,0.2348,0.2384,0.2335,0.2367,45489895.5
2020-02-27 12:00:00+00:00,0.2366,0.2431,0.236,0.2416,55329285.2
2020-02-27 16:00:00+00:00,0.2416,0.2476,0.2409,0.2441,57736882.7
2020-02-27 20:00:00+00:00,0.2442,0.2442,0.2347,0.2388,55832666.4
2020-02-28 00:00:00+00:00,0.2387,0.2445,0.2386,0.2408,44629479.6
2020-02-28 04:00:00+00:00,0.2407,0.2417,0.2334,0.2347,39620113.9
2020-02-28 08:00:00+00:00,0.2346,0.2373,0.2283,0.2335,57984933.0
2020-02-28 12:00:00+00:00,0.2336,0.2381,0.2286,0.2379,59645979.7
2020-02-28 16:00:00+00:00,0.2379,0.2384,0.2316,0.2339,36959873.3
2020-02-28 20:00:00+00:00,0.2338,0.2399,0.2338,0.2368,24204005.0
2020-02-29 00:00:00+00:00,0.2368,0.2409,0.236,0.2386,28192691.3
2020-02-29 04:00:00+00:00,0.2386,0.2428,0.238,0.2391,37913745.2
2020-02-29 08:00:00+00:00,0.2394,0.2397,0.2335,0.2372,31797133.1
2020-02-29 12:00:00+00:00,0.2369,0.2369,0.2323,0.2346,36043865.2
2020-02-29 16:00:00+00:00,0.2346,0.2362,0.2328,0.2352,23972883.9
2020-02-29 20:00:00+00:00,0.2353,0.2355,0.2288,0.2291,21053586.6
2020-03-01 00:00:00+00:00,0.2291,0.2363,0.2287,0.2336,47746916.5
2020-03-01 04:00:00+00:00,0.2336,0.2352,0.2302,0.2314,23173145.5
2020-03-01 08:00:00+00:00,0.2313,0.235,0.2308,0.2345,20596413.3
2020-03-01 12:00:00+00:00,0.2345,0.2361,0.2312,0.232,33638783.8
2020-03-01 16:00:00+00:00,0.232,0.233,0.2246,0.2273,51409058.3
2020-03-01 20:00:00+00:00,0.2274,0.2295,0.2246,0.2274,24711613.8
2020-03-02 00:00:00+00:00,0.2273,0.2304,0.226,0.2286,28260488.0
2020-03-02 04:00:00+00:00,0.2285,0.2318,0.2285,0.2308,29563216.4
2020-03-02 08:00:00+00:00,0.2307,0.2352,0.2306,0.2347,34880474.3
2020-03-02 12:00:00+00:00,0.2348,0.2384,0.2322,0.2376,35020809.8
2020-03-02 16:00:00+00:00,0.2376,0.2417,0.2371,0.2403,38365689.0
2020-03-02 20:00:00+00:00,0.2402,0.2417,0.2377,0.2399,24973174.0
2020-03-03 00:00:00+00:00,0.2399,0.2399,0.2352,0.2387,26246442.6
2020-03-03 04:00:00+00:00,0.2387,0.2387,0.2335,0.2346,25978887.7
2020-03-03 08:00:00+00:00,0.2345,0.2378,0.2336,0.2374,21504286.3
2020-03-03 12:00:00+00:00,0.2373,0.2383,0.2322,0.2337,44340583.4
2020-03-03 16:00:00+00:00,0.2336,0.2348,0.23,0.2344,37926903.5
2020-03-03 20:00:00+00:00,0.2344,0.2358,0.2321,0.2344,14535600.1
2020-03-04 00:00:00+00:00,0.2344,0.2367,0.2328,0.2351,29021488.9
2020-03-04 04:00:00+00:00,0.2351,0.2387,0.234,0.2378,33121160.0
2020-03-04 08:00:00+00:00,0.2378,0.2384,0.2313,0.233,26704462.0
2020-03-04 12:00:00+00:00,0.2331,0.2348,0.2309,0.2312,26227567.9
2020-03-04 16:00:00+00:00,0.2312,0.2336,0.2302,0.2325,17460840.1
2020-03-04 20:00:00+00:00,0.2327,0.2356,0.231,0.2349,22118369.4
2020-03-05 00:00:00+00:00,0.235,0.2377,0.2348,0.2357,26637762.0
2020-03-05 04:00:00+00:00,0.2358,0.2391,0.2358,0.237,25220829.1
2020-03-05 08:00:00+00:00,0.237,0.2419,0.2368,0.2408,33919487.2
2020-03-05 12:00:00+00:00,0.2408,0.2425,0.2385,0.2404,28784142.8
2020-03-05 16:00:00+00:00,0.2404,0.2436,0.2398,0.2418,34400439.6
2020-03-05 20:00:00+00:00,0.242,0.2421,0.2379,0.2395,22551004.8
2020-03-06 00:00:00+00:00,0.2394,0.2418,0.2382,0.2401,26369787.2
2020-03-06 04:00:00+00:00,0.24,0.2436,0.2386,0.2418,35627754.0
2020-03-06 08:00:00+00:00,0.2418,0.2465,0.2411,0.2445,34055427.0
2020-03-06 12:00:00+00:00,0.2444,0.2448,0.2406,0.2408,37208171.0
2020-03-06 16:00:00+00:00,0.2407,0.2433,0.2406,0.2418,18913455.8
2020-03-06 20:00:00+00:00,0.2418,0.2455,0.2416,0.2452,14982152.1
2020-03-07 00:00:00+00:00,0.2453,0.2455,0.2428,0.2442,15729476.4
2020-03-07 04:00:00+00:00,0.244,0.2445,0.2407,0.2418,21251065.7
2020-03-07 08:00:00+00:00,0.2418,0.2435,0.2412,0.242,14527569.1
2020-03-07 12:00:00+00:00,0.242,0.2435,0.2397,0.2426,20301936.2
2020-03-07 16:00:00+00:00,0.2425,0.2445,0.2354,0.2376,58183748.4
2020-03-07 20:00:00+00:00,0.2376,0.2384,0.2359,0.2364,12914884.3
2020-03-08 00:00:00+00:00,0.2365,0.2366,0.23,0.2321,31759595.5
2020-03-08 04:00:00+00:00,0.2322,0.2334,0.2303,0.2325,15333622.9
2020-03-08 08:00:00+00:00,0.2324,0.2333,0.2312,0.2322,17137942.0
2020-03-08 12:00:00+00:00,0.2322,0.2322,0.2123,0.2182,75428726.5
2020-03-08 16:00:00+00:00,0.2182,0.2185,0.1986,0.2124,86391787.4
2020-03-08 20:00:00+00:00,0.2126,0.2135,0.2018,0.2042,40409399.9
2020-03-09 00:00:00+00:00,0.204,0.2107,0.2028,0.2076,44740787.5
2020-03-09 04:00:00+00:00,0.2077,0.2104,0.2012,0.2087,46088549.7
2020-03-09 08:00:00+00:00,0.2086,0.2118,0.2063,0.2076,30372129.5
2020-03-09 12:00:00+00:00,0.2076,0.2102,0.1978,0.2025,58900742.9
2020-03-09 16:00:00+00:00,0.2026,0.2072,0.1998,0.2042,50416624.3
2020-03-09 20:00:00+00:00,0.204,0.2103,0.2027,0.2096,26785541.2
2020-03-10 00:00:00+00:00,0.2096,0.2103,0.2069,0.2087,24531669.0
2020-03-10 04:00:00+00:00,0.2087,0.2092,0.2054,0.2064,17981009.6
2020-03-10 08:00:00+00:00,0.2064,0.213,0.2063,0.2121,27137419.6
2020-03-10 12:00:00+00:00,0.2122,0.2159,0.2075,0.208,52074801.7
2020-03-10 16:00:00+00:00,0.208,0.2131,0.2073,0.2126,29347494.7
2020-03-10 20:00:00+00:00,0.2128,0.2139,0.2112,0.2119,26964829.7
2020-03-11 00:00:00+00:00,0.212,0.2141,0.2111,0.2128,18181148.1
2020-03-11 04:00:00+00:00,0.2129,0.2131,0.2079,0.209,26824258.5
2020-03-11 08:00:00+00:00,0.209,0.211,0.2041,0.207,30627836.1
2020-03-11 12:00:00+00:00,0.2069,0.2088,0.2036,0.2056,22655696.5
2020-03-11 16:00:00+00:00,0.2057,0.2073,0.1994,0.2054,53641553.5
2020-03-11 20:00:00+00:00,0.2053,0.2095,0.205,0.2084,22397075.3
2020-03-12 00:00:00+00:00,0.2084,0.2101,0.1981,0.199,41437522.3
2020-03-12 04:00:00+00:00,0.199,0.199,0.1824,0.1876,93018191.4
2020-03-12 08:00:00+00:00,0.1876,0.1898,0.1403,0.1518,234569714.7
2020-03-12 12:00:00+00:00,0.1518,0.1684,0.1501,0.1653,163988517.6
2020-03-12 16:00:00+00:00,0.1654,0.1696,0.1581,0.162,102047899.9
2020-03-12 20:00:00+00:00,0.162,0.1623,0.1271,0.1346,188557020.1
2020-03-13 00:00:00+00:00,0.1346,0.1508,0.1016,0.1391,337790582.1
2020-03-13 04:00:00+00:00,0.1392,0.1557,0.1271,0.1539,197396178.0
2020-03-13 08:00:00+00:00,0.1538,0.1599,0.1442,0.1522,135055045.1
2020-03-13 12:00:00+00:00,0.1522,0.1659,0.1393,0.1472,225457527.3
2020-03-13 16:00:00+00:00,0.1472,0.1534,0.1359,0.1506,194994003.4
2020-03-13 20:00:00+00:00,0.1507,0.1617,0.1476,0.1587,89745720.0
2020-03-14 00:00:00+00:00,0.1587,0.1597,0.1536,0.158,64526483.8
2020-03-14 04:00:00+00:00,0.1579,0.1586,0.1542,0.1562,31309354.3
2020-03-14 08:00:00+00:00,0.1562,0.1562,0.1477,0.1529,48597351.0
2020-03-14 12:00:00+00:00,0.1528,0.1528,0.1491,0.1506,31526900.6
2020-03-14 16:00:00+00:00,0.1507,0.1544,0.1497,0.1513,27280209.4
2020-03-14 20:00:00+00:00,0.1515,0.1527,0.1435,0.1458,39502420.0
2020-03-15 00:00:00+00:00,0.1459,0.1474,0.1443,0.1457,27413530.5
2020-03-15 04:00:00+00:00,0.1458,0.1522,0.1458,0.1498,19676938.5
2020-03-15 08:00:00+00:00,0.1498,0.1567,0.1478,0.1539,32291916.7
2020-03-15 12:00:00+00:00,0.154,0.159,0.1499,0.1525,34738046.8
2020-03-15 16:00:00+00:00,0.1525,0.154,0.1515,0.152,16577809.4
2020-03-15 20:00:00+00:00,0.1519,0.1645,0.1485,0.1529,88694077.1
2020-03-16 00:00:00+00:00,0.1529,0.1531,0.1483,0.1508,37702617.3
2020-03-16 04:00:00+00:00,0.1507,0.1513,0.1363,0.1365,67511759.2
2020-03-16 08:00:00+00:00,0.1365,0.1411,0.1276,0.1323,65985944.8
2020-03-16 12:00:00+00:00,0.1322,0.1445,0.13,0.1438,128802696.5
2020-03-16 16:00:00+00:00,0.1438,0.1458,0.1373,0.1397,72037873.3
2020-03-16 20:00:00+00:00,0.1395,0.1422,0.1371,0.1408,45000213.2
2020-03-17 00:00:00+00:00,0.1407,0.1509,0.1393,0.1468,38416707.2
2020-03-17 04:00:00+00:00,0.1467,0.1512,0.1447,0.1494,20568892.7
2020-03-17 08:00:00+00:00,0.1493,0.1518,0.1454,0.1471,19103695.4
2020-03-17 12:00:00+00:00,0.1472,0.149,0.1425,0.1479,35951352.1
2020-03-17 16:00:00+00:00,0.1479,0.1502,0.1458,0.1468,21342124.4
2020-03-17 20:00:00+00:00,0.1468,0.1498,0.1461,0.1469,12830680.8
2020-03-18 00:00:00+00:00,0.1468,0.1487,0.1455,0.1484,10246858.1
2020-03-18 04:00:00+00:00,0.1486,0.1493,0.142,0.1432,14663071.5
2020-03-18 08:00:00+00:00,0.1432,0.1453,0.1413,0.1428,18836253.4
2020-03-18 12:00:00+00:00,0.1429,0.147,0.1397,0.1449,26074709.4
2020-03-18 16:00:00+00:00,0.1448,0.1453,0.1415,0.1444,20080108.9
2020-03-18 20:00:00+00:00,0.1444,0.1473,0.1439,0.1473,8324697.5
2020-03-19 00:00:00+00:00,0.1474,0.1487,0.1442,0.1456,11600300.1
2020-03-19 04:00:00+00:00,0.1456,0.1483,0.1451,0.1479,11050481.6
2020-03-19 08:00:00+00:00,0.1479,0.1527,0.1471,0.1507,21565254.2
2020-03-19 12:00:00+00:00,0.1509,0.1566,0.1506,0.156,32997278.1
2020-03-19 16:00:00+00:00,0.1559,0.1676,0.1543,0.1614,58487677.7
2020-03-19 20:00:00+00:00,0.1615,0.1728,0.1609,0.1648,36331909.0
2020-03-20 00:00:00+00:00,0.1647,0.1667,0.1576,0.1593,23087288.8
2020-03-20 04:00:00+00:00,0.1593,0.1653,0.1583,0.1645,17636262.6
2020-03-20 08:00:00+00:00,0.1645,0.1751,0.1644,0.1684,59823529.2
2020-03-20 12:00:00+00:00,0.1684,0.1704,0.1637,0.1685,33562393.4
2020-03-20 16:00:00+00:00,0.1684,0.1693,0.1556,0.1579,37539157.9
2020-03-20 20:00:00+00:00,0.1578,0.1593,0.1443,0.1568,64950351.1
2020-03-21 00:00:00+00:00,0.1568,0.161,0.154,0.1589,22333266.7
2020-03-21 04:00:00+00:00,0.1588,0.1599,0.1535,0.1556,13262048.7
2020-03-21 08:00:00+00:00,0.1555,0.1559,0.1508,0.1558,17054731.2
2020-03-21 12:00:00+00:00,0.1558,0.1582,0.155,0.1575,17605425.3
2020-03-21 16:00:00+00:00,0.1578,0.1584,0.1537,0.1568,13426641.8
2020-03-21 20:00:00+00:00,0.1569,0.1617,0.1553,0.158,26035649.6
2020-03-22 00:00:00+00:00,0.1578,0.1608,0.1563,0.1605,10372835.7
2020-03-22 04:00:00+00:00,0.1606,0.1616,0.1588,0.1592,10879536.4
2020-03-22 08:00:00+00:00,0.1592,0.1593,0.1547,0.1553,17052023.5
2020-03-22 12:00:00+00:00,0.1553,0.1553,0.1504,0.1534,19845381.2
2020-03-22 16:00:00+00:00,0.1534,0.1544,0.1495,0.1497,23253160.4
2020-03-22 20:00:00+00:00,0.1496,0.1546,0.1459,0.1476,25840693.3
2020-03-23 00:00:00+00:00,0.1475,0.1521,0.1444,0.1512,23397639.9
2020-03-23 04:00:00+00:00,0.1512,0.152,0.1495,0.1499,11571250.9
2020-03-23 08:00:00+00:00,0.1499,0.1509,0.1474,0.1498,16984425.7
2020-03-23 12:00:00+00:00,0.1497,0.1615,0.1497,0.1546,56469645.4
2020-03-23 16:00:00+00:00,0.1547,0.1578,0.1546,0.1563,16567383.7
2020-03-23 20:00:00+00:00,0.1561,0.1589,0.1557,0.1583,22197194.0
2020-03-24 00:00:00+00:00,0.1584,0.1613,0.1577,0.1581,18115529.8
2020-03-24 04:00:00+00:00,0.158,0.16,0.1567,0.1592,15930346.9
2020-03-24 08:00:00+00:00,0.1592,0.1636,0.1589,0.1623,22826048.5
2020-03-24 12:00:00+00:00,0.1623,0.1624,0.1581,0.1599,21499088.7
2020-03-24 16:00:00+00:00,0.1598,0.1623,0.1587,0.162,16865132.8
2020-03-24 20:00:00+00:00,0.1619,0.163,0.16,0.162,11425122.2
2020-03-25 00:00:00+00:00,0.162,0.1636,0.1597,0.16,21155022.3
2020-03-25 04:00:00+00:00,0.1601,0.1627,0.1598,0.1621,7516486.9
2020-03-25 08:00:00+00:00,0.1622,0.1652,0.1567,0.1579,31141371.2
2020-03-25 12:00:00+00:00,0.1579,0.1617,0.1574,0.1592,15342904.0
2020-03-25 16:00:00+00:00,0.1593,0.1608,0.159,0.1602,7303415.8
2020-03-25 20:00:00+00:00,0.1602,0.1619,0.1585,0.1617,10768254.0
2020-03-26 00:00:00+00:00,0.1618,0.1629,0.1604,0.1616,11632209.9
2020-03-26 04:00:00+00:00,0.1616,0.1622,0.1595,0.1611,8860553.5
2020-03-26 08:00:00+00:00,0.1611,0.1623,0.1601,0.1609,8538492.7
2020-03-26 12:00:00+00:00,0.1609,0.1623,0.1597,0.1614,15867870.4
2020-03-26 16:00:00+00:00,0.1614,0.1629,0.1609,0.1628,10331227.1
2020-03-26 20:00:00+00:00,0.1627,0.1775,0.1626,0.1758,91690594.7
2020-03-27 00:00:00+00:00,0.1757,0.1801,0.1736,0.1769,47030419.7
2020-03-27 04:00:00+00:00,0.177,0.1773,0.1706,0.1732,35568180.4
2020-03-27 08:00:00+00:00,0.1732,0.1783,0.169,0.1763,38466579.4
2020-03-27 12:00:00+00:00,0.1763,0.1765,0.1717,0.1754,42357265.6
2020-03-27 16:00:00+00:00,0.1754,0.1846,0.1736,0.1809,57970950.1
2020-03-27 20:00:00+00:00,0.1809,0.1873,0.1691,0.1728,85091199.6
2020-03-28 00:00:00+00:00,0.1728,0.1744,0.1662,0.1681,62110228.8
2020-03-28 04:00:00+00:00,0.1681,0.1708,0.167,0.1697,24344923.2
2020-03-28 08:00:00+00:00,0.1697,0.1708,0.167,0.1687,29013080.2
2020-03-28 12:00:00+00:00,0.1686,0.172,0.1664,0.1704,30694676.5
2020-03-28 16:00:00+00:00,0.1705,0.1769,0.17,0.175,82096689.5
2020-03-28 20:00:00+00:00,0.175,0.1799,0.1739,0.1753,42708053.6
2020-03-29 00:00:00+00:00,0.1755,0.1769,0.1688,0.1743,31221414.0
2020-03-29 04:00:00+00:00,0.1744,0.1745,0.1722,0.1737,12408927.9
2020-03-29 08:00:00+00:00,0.1737,0.1737,0.1698,0.1719,24561541.3
2020-03-29 12:00:00+00:00,0.1717,0.1741,0.17,0.1731,22561969.1
2020-03-29 16:00:00+00:00,0.1731,0.1734,0.1639,0.1648,38311105.0
2020-03-29 20:00:00+00:00,0.1646,0.1659,0.1616,0.1625,35475524.7
2020-03-30 00:00:00+00:00,0.1626,0.1677,0.1621,0.1665,25935178.2
2020-03-30 04:00:00+00:00,0.1664,0.1742,0.1661,0.172,39463078.6
2020-03-30 08:00:00+00:00,0.1721,0.1754,0.1715,0.174,22659326.9
2020-03-30 12:00:00+00:00,0.1738,0.1745,0.1703,0.172,25575939.5
2020-03-30 16:00:00+00:00,0.172,0.1744,0.1714,0.1727,19523994.6
2020-03-30 20:00:00+00:00,0.1728,0.1755,0.1706,0.1709,29133327.8
2020-03-31 00:00:00+00:00,0.171,0.1735,0.1705,0.1719,12750611.3
2020-03-31 04:00:00+00:00,0.1721,0.1727,0.1703,0.1723,16098486.9
2020-03-31 08:00:00+00:00,0.1723,0.1734,0.1711,0.1726,13569027.7
2020-03-31 12:00:00+00:00,0.1725,0.178,0.1714,0.1766,40915752.8
2020-03-31 16:00:00+00:00,0.1766,0.1778,0.1739,0.1764,30322758.1
2020-03-31 20:00:00+00:00,0.1764,0.1778,0.1733,0.1736,34615194.5
2020-04-01 00:00:00+00:00,0.1736,0.1743,0.1713,0.1741,20160356.3
2020-04-01 04:00:00+00:00,0.174,0.1744,0.1718,0.1726,13121763.3
2020-04-01 08:00:00+00:00,0.1726,0.1738,0.1703,0.1736,23967163.6
2020-04-01 12:00:00+00:00,0.1737,0.1751,0.1707,0.1712,24196711.7
2020-04-01 16:00:00+00:00,0.1711,0.1712,0.1675,0.1706,30905284.6
2020-04-01 20:00:00+00:00,0.1706,0.1764,0.1705,0.1747,38813821.1
2020-04-02 00:00:00+00:00,0.1749,0.1766,0.1735,0.1751,16328954.9
2020-04-02 04:00:00+00:00,0.1751,0.1781,0.1744,0.1769,23544342.2
2020-04-02 08:00:00+00:00,0.1768,0.1774,0.1755,0.1768,13047759.8
2020-04-02 12:00:00+00:00,0.1769,0.1794,0.1752,0.1789,27915902.6
2020-04-02 16:00:00+00:00,0.1787,0.1872,0.1771,0.1791,65228329.4
2020-04-02 20:00:00+00:00,0.179,0.1797,0.1745,0.1783,24074290.1
2020-04-03 00:00:00+00:00,0.1783,0.18,0.1777,0.1786,14539806.1
2020-04-03 04:00:00+00:00,0.1787,0.1815,0.1779,0.181,15706485.5
2020-04-03 08:00:00+00:00,0.181,0.1824,0.1796,0.1821,16454630.9
2020-04-03 12:00:00+00:00,0.1821,0.1826,0.1775,0.1788,25290559.1
2020-04-03 16:00:00+00:00,0.1788,0.1795,0.1758,0.1789,19495855.3
2020-04-03 20:00:00+00:00,0.1789,0.1799,0.1774,0.1795,7497788.8
2020-04-04 00:00:00+00:00,0.1794,0.18,0.1777,0.1788,7730178.9
2020-04-04 04:00:00+00:00,0.1788,0.1794,0.1785,0.179,9540544.6
2020-04-04 08:00:00+00:00,0.1792,0.1817,0.1777,0.1785,21295407.9
2020-04-04 12:00:00+00:00,0.1786,0.1799,0.1778,0.1794,7817655.6
2020-04-04 16:00:00+00:00,0.1794,0.181,0.1791,0.1798,12810522.9
2020-04-04 20:00:00+00:00,0.18,0.1836,0.1784,0.1811,24672682.0
2020-04-05 00:00:00+00:00,0.1811,0.1821,0.1802,0.1803,7626483.1
2020-04-05 04:00:00+00:00,0.1804,0.1814,0.1788,0.1794,10942384.8
2020-04-05 08:00:00+00:00,0.1793,0.1803,0.1785,0.1791,9421353.2
2020-04-05 12:00:00+00:00,0.179,0.1805,0.1784,0.1799,8337791.2
2020-04-05 16:00:00+00:00,0.1799,0.1799,0.176,0.1792,21273142.2
2020-04-05 20:00:00+00:00,0.1792,0.1793,0.1774,0.179,7761568.7
2020-04-06 00:00:00+00:00,0.1791,0.1815,0.1789,0.1808,13846684.8
2020-04-06 04:00:00+00:00,0.1809,0.1862,0.1809,0.1856,35055823.3
2020-04-06 08:00:00+00:00,0.1857,0.1897,0.1853,0.1874,28979980.5
2020-04-06 12:00:00+00:00,0.1875,0.191,0.1874,0.191,23176780.1
2020-04-06 16:00:00+00:00,0.191,0.1964,0.1903,0.195,38098813.6
2020-04-06 20:00:00+00:00,0.1948,0.1984,0.1928,0.1979,31878118.2
2020-04-07 00:00:00+00:00,0.198,0.2057,0.1953,0.1986,59497358.4
2020-04-07 04:00:00+00:00,0.1985,0.2015,0.195,0.2013,30905478.0
2020-04-07 08:00:00+00:00,0.2014,0.2046,0.1994,0.2025,24522474.7
2020-04-07 12:00:00+00:00,0.2024,0.2053,0.1967,0.2003,42651355.5
2020-04-07 16:00:00+00:00,0.2005,0.2029,0.1971,0.1973,24175520.0
2020-04-07 20:00:00+00:00,0.1973,0.1973,0.1893,0.1925,43980305.9
2020-04-08 00:00:00+00:00,0.1925,0.2006,0.1914,0.1987,18739623.6
2020-04-08 04:00:00+00:00,0.1988,0.2031,0.1981,0.1998,22381834.1
2020-04-08 08:00:00+00:00,0.1998,0.2,0.1944,0.1984,21243059.2
2020-04-08 12:00:00+00:00,0.1982,0.1999,0.196,0.1988,22532859.3
2020-04-08 16:00:00+00:00,0.1986,0.2009,0.1977,0.2,16727603.7
2020-04-08 20:00:00+00:00,0.2,0.2026,0.1999,0.2019,14979401.6
2020-04-09 00:00:00+00:00,0.2019,0.2025,0.1979,0.1987,13679905.5
2020-04-09 04:00:00+00:00,0.1988,0.2004,0.1967,0.2,10974374.7
2020-04-09 08:00:00+00:00,0.2001,0.2006,0.1946,0.196,23343713.4
2020-04-09 12:00:00+00:00,0.196,0.2003,0.1935,0.1995,23898074.7
2020-04-09 16:00:00+00:00,0.1995,0.2,0.1972,0.1977,9524993.7
2020-04-09 20:00:00+00:00,0.1977,0.1992,0.1973,0.198,8806198.1
2020-04-10 00:00:00+00:00,0.1981,0.1986,0.1951,0.1954,13515180.9
2020-04-10 04:00:00+00:00,0.1954,0.1955,0.189,0.1909,45773362.6
2020-04-10 08:00:00+00:00,0.1907,0.191,0.1852,0.187,27540170.0
2020-04-10 12:00:00+00:00,0.1872,0.1885,0.1813,0.1818,24716800.4
2020-04-10 16:00:00+00:00,0.1817,0.1895,0.1809,0.1883,20054147.3
2020-04-10 20:00:00+00:00,0.1883,0.1898,0.1865,0.1876,9577037.0
2020-04-11 00:00:00+00:00,0.1875,0.1908,0.1871,0.1904,8263801.8
2020-04-11 04:00:00+00:00,0.1904,0.192,0.1899,0.1904,15283028.3
2020-04-11 08:00:00+00:00,0.1905,0.1911,0.1883,0.19,13140336.1
2020-04-11 12:00:00+00:00,0.1899,0.1905,0.1851,0.1871,17167018.4
2020-04-11 16:00:00+00:00,0.187,0.1889,0.1852,0.1864,17954786.8
2020-04-11 20:00:00+00:00,0.1863,0.1884,0.1848,0.1881,17195703.0
2020-04-12 00:00:00+00:00,0.1882,0.1895,0.1867,0.1869,11009679.2
2020-04-12 04:00:00+00:00,0.1868,0.1887,0.1859,0.1881,10237070.0
2020-04-12 08:00:00+00:00,0.1882,0.1928,0.1881,0.1916,28885655.7
2020-04-12 12:00:00+00:00,0.1915,0.195,0.1915,0.1935,36945575.0
2020-04-12 16:00:00+00:00,0.1936,0.1957,0.1929,0.194,28912456.3
2020-04-12 20:00:00+00:00,0.1941,0.1949,0.1889,0.1893,23391326.6
2020-04-13 00:00:00+00:00,0.1893,0.1893,0.1791,0.1816,58932938.7
2020-04-13 04:00:00+00:00,0.1816,0.1847,0.1805,0.1833,11998617.5
2020-04-13 08:00:00+00:00,0.1833,0.186,0.1807,0.1844,23044223.9
2020-04-13 12:00:00+00:00,0.1842,0.1845,0.1808,0.1841,23136002.6
2020-04-13 16:00:00+00:00,0.1842,0.1872,0.1835,0.1864,21219293.4
2020-04-13 20:00:00+00:00,0.1862,0.1893,0.1862,0.1874,13019791.2
2020-04-14 00:00:00+00:00,0.1874,0.1884,0.1862,0.1876,8171221.7
2020-04-14 04:00:00+00:00,0.1876,0.1888,0.1841,0.1846,16478687.5
2020-04-14 08:00:00+00:00,0.1845,0.1864,0.1832,0.1854,11933066.1
2020-04-14 12:00:00+00:00,0.1853,0.1883,0.1844,0.1872,21143018.7
2020-04-14 16:00:00+00:00,0.1872,0.1892,0.1856,0.1869,16591959.1
2020-04-14 20:00:00+00:00,0.1868,0.1871,0.1848,0.186,9671880.9
2020-04-15 00:00:00+00:00,0.186,0.1878,0.1844,0.1877,12584364.8
2020-04-15 04:00:00+00:00,0.1878,0.1898,0.1873,0.188,17358330.9
2020-04-15 08:00:00+00:00,0.1879,0.1883,0.1834,0.185,21450729.5
2020-04-15 12:00:00+00:00,0.1849,0.185,0.1815,0.1822,15198830.6
2020-04-15 16:00:00+00:00,0.1822,0.1856,0.1818,0.1838,14866568.5
2020-04-15 20:00:00+00:00,0.1838,0.1857,0.1797,0.1805,29423193.3
2020-04-16 00:00:00+00:00,0.1804,0.1805,0.1737,0.1782,32410673.6
2020-04-16 04:00:00+00:00,0.1782,0.1892,0.1781,0.1858,36434985.7
2020-04-16 08:00:00+00:00,0.1858,0.1938,0.1858,0.1889,47639502.8
2020-04-16 12:00:00+00:00,0.1889,0.1911,0.1872,0.1899,25529348.3
2020-04-16 16:00:00+00:00,0.19,0.1907,0.1873,0.1903,14188101.5
2020-04-16 20:00:00+00:00,0.1902,0.1932,0.1882,0.1904,33547763.9
2020-04-17 00:00:00+00:00,0.1905,0.1917,0.1879,0.1895,15227529.8
2020-04-17 04:00:00+00:00,0.1895,0.1896,0.1859,0.1883,16413207.9
2020-04-17 08:00:00+00:00,0.1884,0.1902,0.1875,0.1878,18882767.6
2020-04-17 12:00:00+00:00,0.1878,0.1892,0.1867,0.1885,12425568.3
2020-04-17 16:00:00+00:00,0.1884,0.1895,0.1879,0.1893,5295475.3
2020-04-17 20:00:00+00:00,0.1893,0.1918,0.1885,0.1886,17341744.8
2020-04-18 00:00:00+00:00,0.1886,0.1916,0.1885,0.1907,11854694.0
2020-04-18 04:00:00+00:00,0.1908,0.1916,0.1898,0.1905,15455632.5
2020-04-18 08:00:00+00:00,0.1905,0.1909,0.1882,0.1906,10404502.6
2020-04-18 12:00:00+00:00,0.1906,0.1954,0.1898,0.1945,34327442.3
2020-04-18 16:00:00+00:00,0.1945,0.1947,0.1923,0.1936,13155481.3
2020-04-18 20:00:00+00:00,0.1936,0.1973,0.1933,0.1951,16756822.7
2020-04-19 00:00:00+00:00,0.1952,0.1964,0.1929,0.1951,12213666.9
2020-04-19 04:00:00+00:00,0.1951,0.1961,0.191,0.1918,28296658.1
2020-04-19 08:00:00+00:00,0.1918,0.1934,0.191,0.1926,11094558.5
2020-04-19 12:00:00+00:00,0.1925,0.1927,0.1876,0.1899,19421347.3
2020-04-19 16:00:00+00:00,0.1898,0.1918,0.1888,0.1909,10752685.6
2020-04-19 20:00:00+00:00,0.1909,0.192,0.1883,0.1889,14218780.2
2020-04-20 00:00:00+00:00,0.1889,0.1943,0.188,0.1931,36173975.2
2020-04-20 04:00:00+00:00,0.193,0.1946,0.1921,0.1927,13920508.1
2020-04-20 08:00:00+00:00,0.1927,0.1928,0.1856,0.187,32178343.8
2020-04-20 12:00:00+00:00,0.187,0.1898,0.1854,0.1891,22353228.5
2020-04-20 16:00:00+00:00,0.1892,0.1897,0.178,0.1786,51251533.6
2020-04-20 20:00:00+00:00,0.1785,0.1832,0.178,0.1813,19475581.7
2020-04-21 00:00:00+00:00,0.1813,0.1851,0.1809,0.1825,21074795.0
2020-04-21 04:00:00+00:00,0.1825,0.185,0.1816,0.1844,10405244.4
2020-04-21 08:00:00+00:00,0.1845,0.1847,0.181,0.1824,13928932.4
2020-04-21 12:00:00+00:00,0.1823,0.1855,0.1821,0.1838,20459974.6
2020-04-21 16:00:00+00:00,0.1838,0.1866,0.182,0.1835,25474912.1
2020-04-21 20:00:00+00:00,0.1837,0.185,0.1828,0.1833,6979578.6
2020-04-22 00:00:00+00:00,0.1833,0.1846,0.1818,0.1835,8193998.4
2020-04-22 04:00:00+00:00,0.1835,0.1862,0.183,0.1857,10482619.1
2020-04-22 08:00:00+00:00,0.1857,0.1861,0.1847,0.1857,6563360.8
2020-04-22 12:00:00+00:00,0.1858,0.1893,0.1849,0.1882,21000125.9
2020-04-22 16:00:00+00:00,0.1881,0.1898,0.1872,0.1874,13227515.7
2020-04-22 20:00:00+00:00,0.1874,0.1884,0.1868,0.188,7097002.0
2020-04-23 00:00:00+00:00,0.188,0.191,0.1873,0.188,15268230.5
2020-04-23 04:00:00+00:00,0.1878,0.1884,0.1853,0.1861,15741029.9
2020-04-23 08:00:00+00:00,0.1861,0.1899,0.1857,0.1896,14310919.9
2020-04-23 12:00:00+00:00,0.1897,0.1995,0.189,0.1956,85322696.0
2020-04-23 16:00:00+00:00,0.1957,0.1969,0.1936,0.1955,20491234.5
2020-04-23 20:00:00+00:00,0.1955,0.1967,0.191,0.1925,26697240.1
2020-04-24 00:00:00+00:00,0.1925,0.1963,0.1921,0.195,26328361.0
2020-04-24 04:00:00+00:00,0.195,0.1969,0.1937,0.1963,20945079.9
2020-04-24 08:00:00+00:00,0.1964,0.1968,0.1932,0.1936,25932508.7
2020-04-24 12:00:00+00:00,0.1936,0.1949,0.1921,0.1937,19979925.7
2020-04-24 16:00:00+00:00,0.1937,0.1945,0.1927,0.1939,10683646.5
2020-04-24 20:00:00+00:00,0.194,0.1947,0.1918,0.1931,9491893.1
2020-04-25 00:00:00+00:00,0.1932,0.1939,0.1913,0.1937,10080802.4
2020-04-25 04:00:00+00:00,0.1937,0.1965,0.1931,0.1953,17768777.6
2020-04-25 08:00:00+00:00,0.1952,0.1961,0.1936,0.1943,15312435.1
2020-04-25 12:00:00+00:00,0.1943,0.1977,0.1932,0.1937,19883636.4
2020-04-25 16:00:00+00:00,0.1937,0.1948,0.1927,0.1943,10418424.2
2020-04-25 20:00:00+00:00,0.1943,0.1947,0.193,0.1941,5322948.8
2020-04-26 00:00:00+00:00,0.1942,0.1954,0.1938,0.1949,7528997.1
2020-04-26 04:00:00+00:00,0.1949,0.1949,0.1926,0.1939,11653446.1
2020-04-26 08:00:00+00:00,0.1941,0.1964,0.1933,0.196,16849310.4
2020-04-26 12:00:00+00:00,0.196,0.1977,0.19,0.1931,36083915.2
2020-04-26 16:00:00+00:00,0.1931,0.1954,0.1926,0.1951,11998821.3
2020-04-26 20:00:00+00:00,0.1952,0.1971,0.1948,0.1961,14024528.0
2020-04-27 00:00:00+00:00,0.1961,0.1997,0.1961,0.1981,24710153.7
2020-04-27 04:00:00+00:00,0.198,0.1986,0.1951,0.1972,16680995.6
2020-04-27 08:00:00+00:00,0.1971,0.1974,0.1957,0.1974,11602304.8
2020-04-27 12:00:00+00:00,0.1973,0.1974,0.1939,0.195,20010204.3
2020-04-27 16:00:00+00:00,0.1949,0.1954,0.1941,0.195,12861997.1
2020-04-27 20:00:00+00:00,0.1949,0.1976,0.1945,0.1974,15536368.4
2020-04-28 00:00:00+00:00,0.1973,0.1974,0.1945,0.1964,21824981.8
2020-04-28 04:00:00+00:00,0.1963,0.1974,0.1948,0.1971,11860320.5
2020-04-28 08:00:00+00:00,0.1971,0.2101,0.1965,0.2075,107225888.3
2020-04-28 12:00:00+00:00,0.2074,0.21,0.2045,0.2071,70313684.1
2020-04-28 16:00:00+00:00,0.2071,0.2138,0.2065,0.2115,82216883.8
2020-04-28 20:00:00+00:00,0.2117,0.218,0.2104,0.2143,70991128.8
2020-04-29 00:00:00+00:00,0.2143,0.2186,0.2137,0.2154,62066149.4
2020-04-29 04:00:00+00:00,0.2154,0.217,0.2139,0.2152,56697141.2
2020-04-29 08:00:00+00:00,0.2153,0.2204,0.2142,0.2195,54645608.8
2020-04-29 12:00:00+00:00,0.2194,0.2252,0.2183,0.2227,83210336.9
2020-04-29 16:00:00+00:00,0.2227,0.2318,0.222,0.2278,128373968.4
2020-04-29 20:00:00+00:00,0.2278,0.2285,0.2238,0.2266,39980709.1
2020-04-30 00:00:00+00:00,0.2266,0.2364,0.2254,0.2359,53890269.0
2020-04-30 04:00:00+00:00,0.2359,0.236,0.2261,0.2285,83572677.7
2020-04-30 08:00:00+00:00,0.2287,0.2294,0.21,0.2177,153448787.7
2020-04-30 12:00:00+00:00,0.2176,0.2195,0.2135,0.216,51166958.6
2020-04-30 16:00:00+00:00,0.2161,0.2174,0.2083,0.2161,77586148.9
2020-04-30 20:00:00+00:00,0.216,0.2172,0.2105,0.2116,31473588.2
2020-05-01 00:00:00+00:00,0.2116,0.2144,0.2114,0.2133,22986893.9
2020-05-01 04:00:00+00:00,0.2133,0.2218,0.2133,0.22,42397430.0
2020-05-01 08:00:00+00:00,0.22,0.2246,0.2183,0.2217,48351544.9
2020-05-01 12:00:00+00:00,0.2217,0.222,0.2158,0.2158,58061373.9
2020-05-01 16:00:00+00:00,0.2158,0.2181,0.214,0.2152,33374842.1
2020-05-01 20:00:00+00:00,0.2153,0.2191,0.2135,0.2178,31124382.3
2020-05-02 00:00:00+00:00,0.218,0.2186,0.2162,0.2182,13650712.0
2020-05-02 04:00:00+00:00,0.2182,0.2188,0.2161,0.2165,8620553.2
2020-05-02 08:00:00+00:00,0.2165,0.2194,0.2151,0.218,20137863.4
2020-05-02 12:00:00+00:00,0.218,0.2251,0.2179,0.2242,41215369.3
2020-05-02 16:00:00+00:00,0.2241,0.226,0.2198,0.2224,54170328.7
2020-05-02 20:00:00+00:00,0.2225,0.2246,0.2219,0.2238,22343550.2
2020-05-03 00:00:00+00:00,0.224,0.2269,0.2235,0.2261,32205153.8
2020-05-03 04:00:00+00:00,0.2261,0.2265,0.2197,0.2224,28299854.5
2020-05-03 08:00:00+00:00,0.2224,0.2247,0.222,0.2229,16221872.7
2020-05-03 12:00:00+00:00,0.2231,0.2232,0.2152,0.2175,53611652.7
2020-05-03 16:00:00+00:00,0.2177,0.2201,0.2171,0.219,18919017.0
2020-05-03 20:00:00+00:00,0.2188,0.2211,0.2177,0.2194,16320278.5
2020-05-04 00:00:00+00:00,0.2195,0.2207,0.2082,0.2133,60897798.0
2020-05-04 04:00:00+00:00,0.2133,0.2136,0.2071,0.2115,50213681.1
2020-05-04 08:00:00+00:00,0.2115,0.2132,0.2096,0.2118,22617937.0
2020-05-04 12:00:00+00:00,0.2118,0.2197,0.2108,0.2185,54454685.5
2020-05-04 16:00:00+00:00,0.2186,0.2194,0.2151,0.2171,28352359.7
2020-05-04 20:00:00+00:00,0.2171,0.2201,0.2168,0.2181,24034915.5
2020-05-05 00:00:00+00:00,0.218,0.2199,0.2172,0.2185,16121886.6
2020-05-05 04:00:00+00:00,0.2184,0.2223,0.2184,0.2193,30269928.2
2020-05-05 08:00:00+00:00,0.2192,0.2205,0.2131,0.2158,34199477.6
2020-05-05 12:00:00+00:00,0.2156,0.218,0.2145,0.2157,18971156.2
2020-05-05 16:00:00+00:00,0.2157,0.2174,0.2151,0.2161,11291018.8
2020-05-05 20:00:00+00:00,0.2161,0.2177,0.2157,0.2169,13234210.9
2020-05-06 00:00:00+00:00,0.2169,0.2191,0.2147,0.2177,16724448.8
2020-05-06 04:00:00+00:00,0.2176,0.2201,0.2176,0.219,22088657.6
2020-05-06 08:00:00+00:00,0.2191,0.2222,0.2182,0.2216,35783578.6
2020-05-06 12:00:00+00:00,0.2218,0.2225,0.2185,0.2199,23688249.4
2020-05-06 16:00:00+00:00,0.2198,0.2205,0.216,0.2171,19331511.3
2020-05-06 20:00:00+00:00,0.217,0.2185,0.2102,0.2118,32661866.7
2020-05-07 00:00:00+00:00,0.2117,0.2178,0.2093,0.2152,33568958.3
2020-05-07 04:00:00+00:00,0.2152,0.216,0.2138,0.2151,12150478.1
2020-05-07 08:00:00+00:00,0.215,0.2166,0.2129,0.2136,16159861.2
2020-05-07 12:00:00+00:00,0.2137,0.2184,0.2124,0.215,35610389.7
2020-05-07 16:00:00+00:00,0.215,0.2221,0.213,0.2191,70488296.3
2020-05-07 20:00:00+00:00,0.2192,0.2203,0.2172,0.2187,30780016.6
2020-05-08 00:00:00+00:00,0.2187,0.2223,0.2173,0.2192,26482253.6
2020-05-08 04:00:00+00:00,0.2192,0.2193,0.2142,0.2159,26594521.1
2020-05-08 08:00:00+00:00,0.216,0.2176,0.2152,0.2169,10535444.9
2020-05-08 12:00:00+00:00,0.217,0.2186,0.2156,0.2182,15146767.6
2020-05-08 16:00:00+00:00,0.2182,0.2218,0.2177,0.2195,33322128.4
2020-05-08 20:00:00+00:00,0.2193,0.2219,0.2181,0.2189,25937397.2
2020-05-09 00:00:00+00:00,0.2188,0.222,0.217,0.2206,41551331.2
2020-05-09 04:00:00+00:00,0.2207,0.2259,0.2189,0.221,63217997.0
2020-05-09 08:00:00+00:00,0.221,0.2235,0.2173,0.2201,39970770.9
2020-05-09 12:00:00+00:00,0.2201,0.2215,0.2193,0.221,17548093.0
2020-05-09 16:00:00+00:00,0.221,0.2228,0.2196,0.2203,20437603.5
2020-05-09 20:00:00+00:00,0.2204,0.2212,0.2154,0.2167,31718586.1
2020-05-10 00:00:00+00:00,0.2165,0.2166,0.1755,0.1944,186651330.2
2020-05-10 04:00:00+00:00,0.1944,0.2007,0.1923,0.2,39966040.2
2020-05-10 08:00:00+00:00,0.2,0.2017,0.1964,0.198,30467371.6
2020-05-10 12:00:00+00:00,0.198,0.1996,0.1944,0.1956,23724076.1
2020-05-10 16:00:00+00:00,0.1955,0.1965,0.1867,0.1931,59127792.4
2020-05-10 20:00:00+00:00,0.193,0.1989,0.193,0.1971,42598344.0
2020-05-11 00:00:00+00:00,0.1969,0.2003,0.1963,0.1971,21293556.5
2020-05-11 04:00:00+00:00,0.1971,0.1977,0.1932,0.1954,17712430.2
2020-05-11 08:00:00+00:00,0.1952,0.1979,0.1915,0.1967,38068904.1
2020-05-11 12:00:00+00:00,0.1968,0.1996,0.1943,0.1956,40059705.1
2020-05-11 16:00:00+00:00,0.1956,0.1963,0.1842,0.1928,86018545.0
2020-05-11 20:00:00+00:00,0.1929,0.1944,0.1887,0.1926,25708130.1
2020-05-12 00:00:00+00:00,0.1925,0.1954,0.1911,0.1944,18064809.6
2020-05-12 04:00:00+00:00,0.1943,0.1965,0.1932,0.1946,18692858.8
2020-05-12 08:00:00+00:00,0.1945,0.1983,0.194,0.197,26238216.1
2020-05-12 12:00:00+00:00,0.197,0.2,0.1944,0.1981,27244021.3
2020-05-12 16:00:00+00:00,0.1981,0.1993,0.1962,0.1973,17361743.2
2020-05-12 20:00:00+00:00,0.1972,0.1984,0.1926,0.197,33916087.2
2020-05-13 00:00:00+00:00,0.1972,0.1996,0.1962,0.1983,17366428.2
2020-05-13 04:00:00+00:00,0.1984,0.1984,0.1963,0.1964,11747589.7
2020-05-13 08:00:00+00:00,0.1965,0.1996,0.1949,0.1993,17873945.7
2020-05-13 12:00:00+00:00,0.1992,0.2026,0.1985,0.2021,24271086.1
2020-05-13 16:00:00+00:00,0.2022,0.2035,0.1997,0.2012,16946987.8
2020-05-13 20:00:00+00:00,0.2012,0.2044,0.2008,0.2015,24286930.0
2020-05-14 00:00:00+00:00,0.2015,0.2027,0.2002,0.2017,13012870.8
2020-05-14 04:00:00+00:00,0.2017,0.2038,0.198,0.2022,22098734.6
2020-05-14 08:00:00+00:00,0.2022,0.2064,0.2011,0.2042,37549116.8
2020-05-14 12:00:00+00:00,0.2042,0.2045,0.202,0.2038,13601874.5
2020-05-14 16:00:00+00:00,0.2038,0.205,0.2001,0.2042,23448157.3
2020-05-14 20:00:00+00:00,0.2043,0.2052,0.2032,0.2036,15713731.3
2020-05-15 00:00:00+00:00,0.2036,0.2046,0.1967,0.2005,30809848.4
2020-05-15 04:00:00+00:00,0.2004,0.2035,0.1985,0.2026,24434379.1
2020-05-15 08:00:00+00:00,0.2025,0.2042,0.2004,0.2027,14623363.7
2020-05-15 12:00:00+00:00,0.2027,0.2029,0.1984,0.1996,23268160.8
2020-05-15 16:00:00+00:00,0.1997,0.2009,0.1967,0.1982,19145348.9
2020-05-15 20:00:00+00:00,0.1983,0.1997,0.195,0.1979,23451775.8
2020-05-16 00:00:00+00:00,0.1979,0.2009,0.1964,0.1985,16434034.5
2020-05-16 04:00:00+00:00,0.1984,0.2026,0.1978,0.1996,21254264.7
2020-05-16 08:00:00+00:00,0.1995,0.2005,0.1983,0.1996,11212342.8
2020-05-16 12:00:00+00:00,0.1996,0.2011,0.1984,0.199,12244705.1
2020-05-16 16:00:00+00:00,0.1991,0.1996,0.1973,0.1992,13826550.1
2020-05-16 20:00:00+00:00,0.1992,0.2007,0.1988,0.1996,8686334.5
2020-05-17 00:00:00+00:00,0.1997,0.2011,0.1987,0.2004,9400928.9
2020-05-17 04:00:00+00:00,0.2004,0.2035,0.1997,0.2027,16177378.1
2020-05-17 08:00:00+00:00,0.2025,0.2029,0.201,0.2017,10287811.5
2020-05-17 12:00:00+00:00,0.2017,0.2045,0.2017,0.2031,23033013.9
2020-05-17 16:00:00+00:00,0.2033,0.2035,0.2018,0.2028,9754771.0
2020-05-17 20:00:00+00:00,0.2028,0.2031,0.2005,0.2011,10616445.2
2020-05-18 00:00:00+00:00,0.2011,0.2082,0.201,0.2066,29496842.4
2020-05-18 04:00:00+00:00,0.2064,0.2083,0.2039,0.2052,30784862.1
2020-05-18 08:00:00+00:00,0.2052,0.2058,0.2004,0.2036,27998985.8
2020-05-18 12:00:00+00:00,0.2037,0.2063,0.2024,0.2041,21005430.9
2020-05-18 16:00:00+00:00,0.2041,0.2051,0.2022,0.2045,20871058.6
2020-05-18 20:00:00+00:00,0.2045,0.2057,0.2036,0.2053,9593088.0
2020-05-19 00:00:00+00:00,0.2053,0.2056,0.2006,0.2015,19049419.8
2020-05-19 04:00:00+00:00,0.2016,0.2036,0.2009,0.2025,11391727.3
2020-05-19 08:00:00+00:00,0.2025,0.2067,0.2024,0.2048,26373873.1
2020-05-19 12:00:00+00:00,0.2049,0.2049,0.2025,0.2037,16851570.7
2020-05-19 16:00:00+00:00,0.2038,0.2054,0.2033,0.2036,9640714.0
2020-05-19 20:00:00+00:00,0.2035,0.2052,0.203,0.2049,10879671.9
2020-05-20 00:00:00+00:00,0.205,0.2058,0.2038,0.2046,12078884.3
2020-05-20 04:00:00+00:00,0.2046,0.2064,0.2037,0.2051,19140694.7
2020-05-20 08:00:00+00:00,0.2052,0.206,0.2043,0.2046,12270413.5
2020-05-20 12:00:00+00:00,0.2046,0.2062,0.1962,0.1997,47252070.5
2020-05-20 16:00:00+00:00,0.1995,0.202,0.1978,0.2019,17997173.6
2020-05-20 20:00:00+00:00,0.2018,0.2027,0.2009,0.2019,13154547.3
2020-05-21 00:00:00+00:00,0.2017,0.2032,0.201,0.2014,11524501.8
2020-05-21 04:00:00+00:00,0.2014,0.202,0.1995,0.1996,15185853.5
2020-05-21 08:00:00+00:00,0.1996,0.2011,0.1968,0.1995,24951990.0
2020-05-21 12:00:00+00:00,0.1996,0.1998,0.1886,0.1928,46468658.6
2020-05-21 16:00:00+00:00,0.1927,0.1945,0.1897,0.1943,23871347.9
2020-05-21 20:00:00+00:00,0.1943,0.1954,0.1933,0.1942,14846112.5
2020-05-22 00:00:00+00:00,0.1942,0.1954,0.1922,0.1925,14275043.6
2020-05-22 04:00:00+00:00,0.1926,0.2004,0.192,0.1996,34397864.6
2020-05-22 08:00:00+00:00,0.1995,0.202,0.1984,0.2007,27995687.4
2020-05-22 12:00:00+00:00,0.2007,0.202,0.199,0.2016,24745623.8
2020-05-22 16:00:00+00:00,0.2016,0.2026,0.2,0.2009,19044370.0
2020-05-22 20:00:00+00:00,0.201,0.2022,0.1992,0.2004,14463475.9
2020-05-23 00:00:00+00:00,0.2002,0.2022,0.2002,0.2012,16433926.6
2020-05-23 04:00:00+00:00,0.2012,0.2018,0.1993,0.2002,18957228.5
2020-05-23 08:00:00+00:00,0.2003,0.2006,0.1981,0.1999,22788001.3
2020-05-23 12:00:00+00:00,0.1998,0.2008,0.1981,0.2003,18695772.5
2020-05-23 16:00:00+00:00,0.2002,0.2006,0.1983,0.2001,13257355.0
2020-05-23 20:00:00+00:00,0.2001,0.2006,0.1984,0.1988,12865078.5
2020-05-24 00:00:00+00:00,0.1986,0.2006,0.1982,0.1997,16140647.7
2020-05-24 04:00:00+00:00,0.1997,0.2014,0.1993,0.2006,13265097.8
2020-05-24 08:00:00+00:00,0.2005,0.2011,0.1984,0.1986,15654619.4
2020-05-24 12:00:00+00:00,0.1987,0.1996,0.1959,0.1976,24746428.0
2020-05-24 16:00:00+00:00,0.1977,0.1981,0.1944,0.1975,26008014.0
2020-05-24 20:00:00+00:00,0.1975,0.1981,0.1915,0.1923,23446833.9
2020-05-25 00:00:00+00:00,0.1924,0.1946,0.1892,0.1939,23315396.9
2020-05-25 04:00:00+00:00,0.1939,0.1951,0.1929,0.1944,14736477.3
2020-05-25 08:00:00+00:00,0.1944,0.1957,0.1921,0.193,19217716.5
2020-05-25 12:00:00+00:00,0.1928,0.1949,0.1925,0.1933,13351350.1
2020-05-25 16:00:00+00:00,0.1932,0.1962,0.193,0.1948,17862644.8
2020-05-25 20:00:00+00:00,0.1948,0.1973,0.1945,0.1961,12476999.2
2020-05-26 00:00:00+00:00,0.1962,0.197,0.194,0.1954,17375565.6
2020-05-26 04:00:00+00:00,0.1956,0.1956,0.1922,0.1948,24910662.4
2020-05-26 08:00:00+00:00,0.1948,0.1953,0.1929,0.1939,14697433.8
2020-05-26 12:00:00+00:00,0.1939,0.1947,0.1913,0.1918,20133863.6
2020-05-26 16:00:00+00:00,0.1918,0.1943,0.1911,0.1934,16351903.3
2020-05-26 20:00:00+00:00,0.1935,0.1951,0.1931,0.1936,11211613.3
2020-05-27 00:00:00+00:00,0.1936,0.1951,0.1933,0.1943,13813551.3
2020-05-27 04:00:00+00:00,0.1943,0.1958,0.1938,0.195,14634714.5
2020-05-27 08:00:00+00:00,0.195,0.2005,0.1949,0.1988,31222983.2
2020-05-27 12:00:00+00:00,0.1987,0.1993,0.1972,0.1978,16307845.9
2020-05-27 16:00:00+00:00,0.1979,0.199,0.1968,0.1982,11590183.3
2020-05-27 20:00:00+00:00,0.1982,0.1983,0.1959,0.1978,10308173.2
2020-05-28 00:00:00+00:00,0.1979,0.1986,0.1966,0.1968,8978642.2
2020-05-28 04:00:00+00:00,0.1968,0.197,0.1952,0.1955,14081353.5
2020-05-28 08:00:00+00:00,0.1955,0.1966,0.1947,0.1962,16170836.9
2020-05-28 12:00:00+00:00,0.1962,0.1988,0.196,0.1982,31192729.8
2020-05-28 16:00:00+00:00,0.1982,0.1994,0.1973,0.1982,19824016.6
2020-05-28 20:00:00+00:00,0.1982,0.2011,0.1976,0.2005,15241252.0
2020-05-29 00:00:00+00:00,0.2005,0.203,0.1997,0.2002,21194156.1
2020-05-29 04:00:00+00:00,0.2001,0.201,0.1992,0.2,17500033.6
2020-05-29 08:00:00+00:00,0.2002,0.2009,0.1963,0.1979,28281489.5
2020-05-29 12:00:00+00:00,0.1979,0.1986,0.1962,0.1976,14529950.1
2020-05-29 16:00:00+00:00,0.1976,0.199,0.1968,0.197,10290644.3
2020-05-29 20:00:00+00:00,0.1971,0.198,0.1963,0.1977,6770910.1
2020-05-30 00:00:00+00:00,0.1976,0.198,0.1957,0.1978,16343635.5
2020-05-30 04:00:00+00:00,0.1979,0.2009,0.1979,0.1999,32044543.5
2020-05-30 08:00:00+00:00,0.1999,0.2065,0.1999,0.2048,36505222.0
2020-05-30 12:00:00+00:00,0.2048,0.2054,0.2023,0.2034,29202868.4
2020-05-30 16:00:00+00:00,0.2033,0.2056,0.2024,0.2049,21358632.6
2020-05-30 20:00:00+00:00,0.2049,0.2083,0.2016,0.2072,52541523.3
2020-05-31 00:00:00+00:00,0.2073,0.2081,0.2022,0.2032,27364091.4
2020-05-31 04:00:00+00:00,0.2032,0.2059,0.2025,0.2058,29509096.5
2020-05-31 08:00:00+00:00,0.2058,0.2138,0.2039,0.2117,93670774.2
2020-05-31 12:00:00+00:00,0.2119,0.2129,0.2045,0.2065,56941890.8
2020-05-31 16:00:00+00:00,0.2065,0.2094,0.206,0.2089,30138617.2
2020-05-31 20:00:00+00:00,0.2089,0.2092,0.2,0.2024,55385649.5
2020-06-01 00:00:00+00:00,0.2024,0.206,0.201,0.2052,28840486.7
2020-06-01 04:00:00+00:00,0.2053,0.2066,0.2038,0.2052,24178745.0
2020-06-01 08:00:00+00:00,0.2053,0.2058,0.2025,0.2036,34037884.2
2020-06-01 12:00:00+00:00,0.2035,0.2063,0.202,0.2047,32615002.7
2020-06-01 16:00:00+00:00,0.2047,0.2057,0.2037,0.2051,20582380.3
2020-06-01 20:00:00+00:00,0.205,0.2132,0.2046,0.2112,73395787.1
2020-06-02 00:00:00+00:00,0.2114,0.2124,0.2093,0.2104,36584155.8
2020-06-02 04:00:00+00:00,0.2103,0.2121,0.2099,0.2121,22575662.4
2020-06-02 08:00:00+00:00,0.2119,0.2151,0.211,0.2134,43808082.9
2020-06-02 12:00:00+00:00,0.2135,0.2153,0.1529,0.2012,114727823.2
2020-06-02 16:00:00+00:00,0.2011,0.2022,0.2002,0.2015,24527835.2
2020-06-02 20:00:00+00:00,0.2016,0.204,0.2006,0.203,18290568.7
2020-06-03 00:00:00+00:00,0.2031,0.2039,0.2008,0.2019,17478765.6
2020-06-03 04:00:00+00:00,0.202,0.2034,0.2011,0.2027,19626387.4
2020-06-03 08:00:00+00:00,0.2027,0.2049,0.2022,0.2039,21437325.0
2020-06-03 12:00:00+00:00,0.204,0.2046,0.2016,0.2041,20893631.1
2020-06-03 16:00:00+00:00,0.2042,0.2052,0.2025,0.2033,24217577.5
2020-06-03 20:00:00+00:00,0.2033,0.2049,0.2025,0.2043,16562406.3
2020-06-04 00:00:00+00:00,0.2043,0.2073,0.2035,0.207,22650506.1
2020-06-04 04:00:00+00:00,0.207,0.2073,0.2043,0.2054,24771741.0
2020-06-04 08:00:00+00:00,0.2054,0.2058,0.1996,0.2045,37433969.9
2020-06-04 12:00:00+00:00,0.2045,0.2065,0.2037,0.2053,28902641.4
2020-06-04 16:00:00+00:00,0.2053,0.2056,0.2025,0.2038,35506817.1
2020-06-04 20:00:00+00:00,0.2038,0.2055,0.2025,0.2045,22735222.8
2020-06-05 00:00:00+00:00,0.2045,0.2053,0.2031,0.204,22647130.6
2020-06-05 04:00:00+00:00,0.204,0.2048,0.2033,0.2045,18384136.2
2020-06-05 08:00:00+00:00,0.2043,0.2062,0.2022,0.2035,51365295.6
2020-06-05 12:00:00+00:00,0.2035,0.2039,0.2012,0.2033,24308466.1
2020-06-05 16:00:00+00:00,0.2033,0.205,0.2029,0.2034,25671320.1
2020-06-05 20:00:00+00:00,0.2034,0.204,0.2024,0.2027,16127917.5
2020-06-06 00:00:00+00:00,0.2028,0.2034,0.2004,0.2031,27323972.1
2020-06-06 04:00:00+00:00,0.2031,0.2039,0.2023,0.2027,16031131.7
2020-06-06 08:00:00+00:00,0.2027,0.2045,0.2018,0.2038,22702440.4
2020-06-06 12:00:00+00:00,0.2038,0.2049,0.2027,0.2045,24149535.8
2020-06-06 16:00:00+00:00,0.2045,0.2049,0.202,0.204,21830068.9
2020-06-06 20:00:00+00:00,0.204,0.2047,0.2033,0.2037,16564490.2
2020-06-07 00:00:00+00:00,0.2038,0.2052,0.2033,0.2045,17009053.4
2020-06-07 04:00:00+00:00,0.2045,0.205,0.2024,0.2035,20959131.8
2020-06-07 08:00:00+00:00,0.2036,0.2038,0.2015,0.2021,22470395.3
2020-06-07 12:00:00+00:00,0.2021,0.2025,0.1984,0.201,42098106.1
2020-06-07 16:00:00+00:00,0.2009,0.2038,0.1996,0.2032,27200758.3
2020-06-07 20:00:00+00:00,0.2032,0.2037,0.2021,0.2034,24069232.8
2020-06-08 00:00:00+00:00,0.2033,0.2037,0.2022,0.2031,13105792.6
2020-06-08 04:00:00+00:00,0.2031,0.2036,0.2026,0.2027,14162776.9
2020-06-08 08:00:00+00:00,0.2027,0.2033,0.201,0.2029,23235598.6
2020-06-08 12:00:00+00:00,0.2028,0.2029,0.2014,0.2022,15714137.7
2020-06-08 16:00:00+00:00,0.2022,0.2027,0.2018,0.2019,9262830.9
2020-06-08 20:00:00+00:00,0.2019,0.2048,0.2018,0.2041,22723821.5
2020-06-09 00:00:00+00:00,0.204,0.2061,0.1994,0.2032,39312388.7
2020-06-09 04:00:00+00:00,0.2033,0.2035,0.2027,0.203,15133712.9
2020-06-09 08:00:00+00:00,0.203,0.2031,0.2017,0.2029,16343628.8
2020-06-09 12:00:00+00:00,0.203,0.2036,0.2018,0.202,21236114.9
2020-06-09 16:00:00+00:00,0.202,0.2021,0.2002,0.2015,17507349.3
2020-06-09 20:00:00+00:00,0.2015,0.2024,0.2003,0.2014,20984011.7
2020-06-10 00:00:00+00:00,0.2014,0.2023,0.201,0.2013,11799123.9
2020-06-10 04:00:00+00:00,0.2014,0.2031,0.201,0.2017,18177867.0
2020-06-10 08:00:00+00:00,0.2016,0.2019,0.2009,0.2014,8319276.1
2020-06-10 12:00:00+00:00,0.2015,0.2021,0.201,0.2014,10736049.1
2020-06-10 16:00:00+00:00,0.2013,0.2042,0.1989,0.2027,48932118.9
2020-06-10 20:00:00+00:00,0.2027,0.2035,0.202,0.2029,18322363.9
2020-06-11 00:00:00+00:00,0.2028,0.2036,0.2021,0.2026,18830361.2
2020-06-11 04:00:00+00:00,0.2027,0.203,0.2004,0.2014,22848604.7
2020-06-11 08:00:00+00:00,0.2014,0.2017,0.2005,0.2012,16159644.9
2020-06-11 12:00:00+00:00,0.2012,0.2013,0.1929,0.1948,63822948.1
2020-06-11 16:00:00+00:00,0.1949,0.1955,0.1837,0.1899,69107911.9
2020-06-11 20:00:00+00:00,0.1899,0.1911,0.1878,0.1881,21214103.2
2020-06-12 00:00:00+00:00,0.1881,0.1919,0.1867,0.1907,29095995.4
2020-06-12 04:00:00+00:00,0.1906,0.1936,0.1903,0.1933,23241519.4
2020-06-12 08:00:00+00:00,0.1932,0.1942,0.192,0.1941,18487547.8
2020-06-12 12:00:00+00:00,0.1941,0.195,0.1918,0.1926,38037372.7
2020-06-12 16:00:00+00:00,0.1926,0.1943,0.1913,0.1934,18962251.2
2020-06-12 20:00:00+00:00,0.1934,0.194,0.1922,0.1932,15164527.9
2020-06-13 00:00:00+00:00,0.1932,0.1933,0.1915,0.1919,15833513.5
2020-06-13 04:00:00+00:00,0.1919,0.1926,0.191,0.1924,13042839.1
2020-06-13 08:00:00+00:00,0.1923,0.1924,0.1901,0.1909,18247397.8
2020-06-13 12:00:00+00:00,0.1909,0.1939,0.1907,0.1928,25370119.0
2020-06-13 16:00:00+00:00,0.1928,0.1936,0.1917,0.1921,24821018.2
2020-06-13 20:00:00+00:00,0.1921,0.1928,0.1916,0.1922,15205862.0
2020-06-14 00:00:00+00:00,0.1923,0.1924,0.1913,0.1915,7853829.9
2020-06-14 04:00:00+00:00,0.1915,0.1919,0.19,0.1911,16839761.4
2020-06-14 08:00:00+00:00,0.191,0.1922,0.1908,0.1914,15845286.0
2020-06-14 12:00:00+00:00,0.1914,0.1918,0.1893,0.1906,22061694.3
2020-06-14 16:00:00+00:00,0.1906,0.1913,0.1903,0.191,10860879.6
2020-06-14 20:00:00+00:00,0.1911,0.1918,0.1882,0.19,23279662.8
2020-06-15 00:00:00+00:00,0.19,0.1904,0.1853,0.1859,28364215.0
2020-06-15 04:00:00+00:00,0.1859,0.1871,0.1815,0.1848,49621626.6
2020-06-15 08:00:00+00:00,0.1848,0.1852,0.1836,0.1848,18108215.5
2020-06-15 12:00:00+00:00,0.1848,0.1872,0.183,0.187,20603548.5
2020-06-15 16:00:00+00:00,0.187,0.1917,0.1868,0.1908,35154109.0
2020-06-15 20:00:00+00:00,0.1909,0.1933,0.1908,0.1922,27382824.0
2020-06-16 00:00:00+00:00,0.1921,0.194,0.1906,0.1935,20413714.1
2020-06-16 04:00:00+00:00,0.1935,0.1937,0.1914,0.192,14538626.5
2020-06-16 08:00:00+00:00,0.192,0.1929,0.1911,0.192,15892990.8
2020-06-16 12:00:00+00:00,0.192,0.1929,0.19,0.191,23904812.0
2020-06-16 16:00:00+00:00,0.191,0.1918,0.1906,0.1913,12049152.7
2020-06-16 20:00:00+00:00,0.1913,0.1923,0.1909,0.1923,9420639.1
2020-06-17 00:00:00+00:00,0.1923,0.1924,0.1909,0.1914,9694520.2
2020-06-17 04:00:00+00:00,0.1915,0.1956,0.1913,0.1956,32592954.7
2020-06-17 08:00:00+00:00,0.1955,0.1959,0.1936,0.1951,22502528.1
2020-06-17 12:00:00+00:00,0.1951,0.1988,0.1893,0.1908,102824053.0
2020-06-17 16:00:00+00:00,0.1908,0.1927,0.1891,0.19,36996136.2
2020-06-17 20:00:00+00:00,0.1899,0.1935,0.1882,0.1929,23038284.5
2020-06-18 00:00:00+00:00,0.1929,0.1931,0.1912,0.1917,13505558.2
2020-06-18 04:00:00+00:00,0.1918,0.1924,0.1909,0.1915,17023785.0
2020-06-18 08:00:00+00:00,0.1915,0.1921,0.1901,0.1915,20403546.0
2020-06-18 12:00:00+00:00,0.1914,0.192,0.1886,0.1889,20038774.4
2020-06-18 16:00:00+00:00,0.1888,0.1905,0.1883,0.1899,24368440.1
2020-06-18 20:00:00+00:00,0.1899,0.1904,0.1877,0.1897,24329166.0
2020-06-19 00:00:00+00:00,0.1897,0.19,0.187,0.1878,28796418.6
2020-06-19 04:00:00+00:00,0.1878,0.1896,0.1873,0.1882,20404933.1
2020-06-19 08:00:00+00:00,0.1882,0.1903,0.1871,0.1894,23006159.7
2020-06-19 12:00:00+00:00,0.1894,0.19,0.1879,0.188,14704416.9
2020-06-19 16:00:00+00:00,0.188,0.1887,0.1864,0.1871,22848312.9
2020-06-19 20:00:00+00:00,0.1871,0.188,0.1864,0.187,13645844.2
2020-06-20 00:00:00+00:00,0.187,0.1889,0.1865,0.1884,13268741.0
2020-06-20 04:00:00+00:00,0.1884,0.1885,0.1873,0.1874,11173311.6
2020-06-20 08:00:00+00:00,0.1874,0.1878,0.1845,0.1875,24735351.7
2020-06-20 12:00:00+00:00,0.1874,0.1879,0.1856,0.1859,11387609.6
2020-06-20 16:00:00+00:00,0.1859,0.1878,0.1856,0.1872,10421176.1
